,context
0,"Môn học Kiến trúc hệ thống và Tích hợp hệ thống (IE302) giới thiệu các khái niệm về thu thập yêu cầu, tìm nguồn cung ứng, đánh giá và tích hợp các thành phần vào một hệ thống thống nhất. Nội dung môn học bao gồm các nguyên tắc quản lý dự án, sự liên kết giữa các ứng dụng CNTT và quy trình tổ chức. Sinh viên sẽ được trang bị kiến thức về quản lý dự án, kiểm định và đảm bảo chất lượng, tích hợp và phát triển hệ thống, cũng như tìm nguồn cung ứng."
1,"Mã môn học của môn Toán cho Khoa học máy tính là CS115. Tóm tắt nội dung môn học như sau: Môn này cung cấp kiến thức về Toán ứng dụng trong các lĩnh vực như máy học, trí tuệ nhân tạo, khai phá dữ liệu và xử lý tín hiệu số."
2,"Môn Thực tập doanh nghiệp mang mã NT115, bao gồm chương trình thực tập cuối khóa tại các doanh nghiệp, cơ quan sự nghiệp trong lĩnh vực liên quan. Mục tiêu là cho sinh viên cơ hội trải nghiệm môi trường nghề nghiệp thực tế, làm quen với các công việc và tích lũy kinh nghiệm. Trong quá trình thực tập, sinh viên sẽ học hỏi từ các chuyên gia, trực tiếp xử lý các tình huống phát sinh trong phạm vi chuyên môn mà họ đã lựa chọn."
3,Cử nhân ngành Công nghệ Thông tin (Áp dụng từ Khoá 18 - 2023) ngành công nghệ thông tin việt nhật. Hình thức đào tạo: Chính quy tập trung. Số tín chỉ đào tạo: Tối thiểu 132 tín chỉ (bao gồm cả ngoại ngữ). Thời gian đào tạo: 04 năm (8 học kỳ chính).
4,"**Đoạn văn được viết lại:**

Môn học có mã NT505, mang tên Khóa luận tốt nghiệp, là một công trình nghiên cứu mang tính khoa học dành cho sinh viên theo đuổi chương trình cử nhân tài năng ngành An ninh Thông tin. Đề tài khóa luận phải được nghiên cứu và triển khai một cách chuyên sâu, thể hiện khả năng độc lập trong quá trình làm việc của sinh viên. Khóa luận cần làm rõ những vấn đề do sinh viên thực hiện dưới sự hướng dẫn của giảng viên, chẳng hạn như các ứng dụng, quy trình vận hành, hệ thống triển khai và đánh giá cùng định hướng phát triển tiếp theo của đề tài. Kết quả nghiên cứu do sinh viên thực hiện được nêu rõ trong khóa luận, đây là thành tố quan trọng nhất. Đối với đối tượng sinh viên trong chương trình đào tạo tài năng, đề tài khóa luận sẽ gắn liền với nhu cầu thực tế, được thực hiện dưới sự hướng dẫn của các giảng viên có trình độ Tiến sĩ trở lên. Đề tài nghiên cứu chuyên sâu này sẽ phản ánh khả năng nghiên cứu và làm việc độc lập của sinh viên."
5,"Môn học CE407 - Đồ án chuyên ngành Hệ thống nhúng và Robot dành cho sinh viên học chuyên đề tốt nghiệp. Đồ án này giúp sinh viên phát triển kỹ năng thiết kế hệ thống nhúng và robot. Sau khi hoàn thành môn học, sinh viên sẽ có kiến thức tổng hợp về chuyên ngành hệ thống nhúng và robot, kỹ năng tìm hiểu, nghiên cứu và giải quyết bài toán trong lĩnh vực hệ thống nhúng, kỹ thuật máy tính, cũng như kỹ năng thuyết trình, giao tiếp và làm việc nhóm. Môn học cũng khuyến khích thái độ làm việc tích cực trong lĩnh vực hệ thống nhúng."
6,"Môn học ""Phát triển và vận hành game"" với mã môn học là SE327, cung cấp những kiến thức cơ bản về quy trình tạo ra và quản lý một trò chơi trực tuyến. Nội dung học tập bao gồm các thể loại game từ bình thường, hành động, chiến lược cho đến nhập vai trực tuyến nhiều người chơi độc lập hoặc trên nền tảng mạng xã hội."
7,Cử nhân ngành Hệ thống Thông tin (Áp dụng từ khóa 18 - 2023) Hình thức đào tạo: Chính quy tập trung. Số tín chỉ đào tạo: Tối thiểu 134 (bao gồm cả ngoại ngữ) Thời gian đào tạo: 4 năm (8 học kỳ chính).
8,"Môn Nhập môn mạng máy tính với mã IT005 cung cấp kiến thức cơ bản về các khái niệm như mạng máy tính, truyền dữ liệu, dịch vụ mạng và kỹ thuật mạng không dây."
9,"Môn học CS221 về Xử lý ngôn ngữ tự nhiên nhằm cung cấp cho sinh viên những kiến thức cơ bản về chuyên ngành này, bao gồm văn phạm phi ngữ cảnh CFG, văn phạm DCG, cách cài đặt và giải thích cơ chế xử lý văn phạm DCG trên Prolog, và FSA."
10,"Môn học Giới thiệu ngành Khoa học Dữ liệu mang mã số DS005 trình bày chuyên sâu về:
- Ý nghĩa của Khoa học Dữ liệu (KHDL) đối với các doanh nghiệp và tổ chức hiện đại.
- Điểm khác biệt giữa KHDL và các chuyên ngành khác, cùng với ứng dụng của KHDL trong thực tế và tầm ảnh hưởng của nó.
- Các vị trí nghề nghiệp và cơ hội việc làm trong lĩnh vực KHDL.
- Định hướng phát triển của KHDL trong tương lai."
11,"Môn học mang tên Lý Luận Kinh Tế Chính Trị Má́c - Lênin, với mã là SS008. Tổng quan chung về nội dung môn học, sinh viên sẽ được làm quen và nắm vững những nguyên lý cơ bản của Lý Luận Kinh Tế Chính Trị Má́c - Lênin."
12,"Môn Nhập môn quản trị chuỗi cung ứng mang mã môn EC202, cung cấp kiến thức toàn diện về quản trị Logistics, tạo nền tảng vững chắc cho việc quản trị chuỗi cung ứng hiệu quả. Ngoài ra, môn học còn giới thiệu về các hệ thống ERP, là công cụ hỗ trợ đắc lực cho quá trình hoạch định, tổ chức, thực hiện và kiểm soát chuỗi cung ứng trong doanh nghiệp."
13,"**Chú trọng vào những chủ đề then chốt, Môn Công nghệ Tường lửa và Bảo vệ Mạng Ngoài vi (NT311) chuyên sâu về:** 
- Khái quát về Kiến trúc mạng an toàn
- Nhu cầu cấp thiết của doanh nghiệp về bảo mật thông tin
- Công nghệ Tường lửa và Mạng ngoài vi
- Hệ thống lọc gói tin và Máy chủ Proxy
- Mô hình hệ thống thực tế và giả định trong bảo mật mạng"
14,"Thông qua môn Chuyên đề M-commerce được mã hóa SE348, sinh viên sẽ được tiếp cận với những hoạt động sơ khai của thương mại di động (M-commerce). Nội dung môn học giúp sinh viên trang bị các kỹ năng thiết thực với kinh nghiệm thực hành ứng dụng trên các thiết bị di động không dây. Ngoài ra, môn học đào sâu nghiên cứu về công nghệ di động và ứng dụng vào lĩnh vực M-commerce, phân tích các lợi ích, ưu điểm, nhược điểm và cách thức áp dụng của thương mại di động. Bên cạnh đó, sinh viên cũng được hướng dẫn tìm hiểu sự khác biệt giữa thương mại di động và thương mại điện tử (E-commerce)."
15,"Môn học Đường lối cách mạng của Đảng Cộng sản Việt Nam có ký hiệu là SS002 và bao gồm nội dung chính là cung cấp kiến thức cơ bản và toàn diện cho sinh viên về quá trình thành lập và hoạt động của Đảng Cộng sản Việt Nam, đặc biệt là đường lối đổi mới hiện nay."
16,"Môn học CE408 - Đồ án chuyên ngành Thiết kế vi mạch và phần cứng dành cho sinh viên học chuyên đề tốt nghiệp. Đồ án này giúp sinh viên nắm bắt kiến thức tổng hợp hoặc chuyên ngành thiết kế vi mạch và phần cứng, ngành Kỹ thuật máy tính. Ngoài ra, sinh viên cũng phát triển kỹ năng tìm hiểu, nghiên cứu và giải quyết bài toán trong lĩnh vực thiết kế vi mạch, ngành KTMT, cũng như kỹ năng thuyết trình, giao tiếp và làm việc nhóm. Môn học này cũng khuyến khích thái độ làm việc tích cực trong ngành KTMT."
17,"Môn chuyên đề các quy trình phát triển phần mềm tiên tiến (SE354) tập trung trang bị cho sinh viên những kiến thức sâu rộng về các quy trình thực hiện phần mềm hiện đại. Nội dung bao gồm:

- Các nguyên lý và phương pháp trong xây dựng phần mềm, quản lý dự án và tổ chức phần mềm.
- Các công cụ và môi trường hỗ trợ quá trình phát triển và triển khai phần mềm.
- Các lý thuyết nền tảng về kiến trúc phần mềm, từ truyền thống đến tiên tiến.
- Hướng dẫn sinh viên xây dựng phần mềm theo phương pháp luận hệ thống, khoa học và tuân thủ các quy trình phát triển phần mềm đương đại."
18,"Môn học An ninh nhân sự, định danh và chứng thực có mã môn học là NT211. Tóm tắt nội dung môn học như sau: Môn học đề cập tới những khái niệm căn bản về định danh, xác thực và ứng dụng của chúng trong quản lý truy cập. Các công nghệ hiện đại trong định danh và xác thực được đề cập trong lý thuyết cũng như qua các bài thực hành dưới dạng các trường hợp sử dụng thực (use case).Môn học trang bị cho sinh viên ngành an ninh thông tin:- Khái niệm nền tảng về an ninh liên quan tới con người,- Kiến thức về định danh cùng các công nghệ định danh hiện đại- Kiến thức về xác thực và những công nghệ liên quan đến xác thực- Ứng dụng định danh và xác thực trong hệ thống CNTTĐối với hệ Cử nhân tài năng:- Trình bày chuyên sâu hơn các nội dung Sinh trắc và các phương pháp chính; Quản lý tài khoản với Token; Quản lý tài khoản liên hợp;Tấn công thẻ thông minh.- Bổ sung các bài tập nâng cao ở các nội dung trình bày chuyên sâu trên và các nội dung Bẻ mật khẩu phức tạp; Thiết kế, xây dựng và triển khai hệ thống cấp chứng chỉ số ở quy mô lớn.- Sinh viên thực hiện seminar chuyên đề theo định hướng của chương trình tài năng, trong đó sinh viên được chọn đề tài, tự tìm tài liệu và thực hiện báo cáo theo yêu cầu của giảng viên."
19,"Môn học Chuyên đề E-Learning, được mã hóa là SE350, mang đến cho sinh viên cái nhìn toàn diện về lĩnh vực học tập trực tuyến. Môn học trình bày các khái niệm cơ bản của E-Learning, bao gồm mô hình và công cụ sử dụng trong lĩnh vực này. Sinh viên sẽ được hướng dẫn thiết kế và triển khai các hệ thống E-Learning hiệu quả. Ngoài ra, vấn đề bản quyền trí tuệ cũng được đề cập trong nội dung môn học."
20,"Môn học CS221 về Xử lý ngôn ngữ tự nhiên nhằm cung cấp cho sinh viên những kiến thức cơ bản về chuyên ngành này, bao gồm văn phạm phi ngữ cảnh CFG, văn phạm DCG, cách cài đặt và giải thích cơ chế xử lý văn phạm DCG trên Prolog, và FSA. Với những kiến thức này, sinh viên có thể tiếp tục học môn chuyên ngành tự chọn ""Xử lý ngôn ngữ tự nhiên nâng cao""."
21,"Môn học CS112 là môn học về Phân tích và thiết kế thuật toán. Nội dung môn học tập trung vào việc thiết kế thuật toán và đánh giá độ phức tạp của chúng. Môn học bao gồm các phần như sau: Tổng quan về thuật toán và độ phức tạp của thuật toán, giới thiệu về cơ sở toán học để đánh giá độ phức tạp của thuật toán và sử dụng kiến thức toán sơ cấp để đánh giá thuật toán, sử dụng hàm sinh và định lý Master để đánh giá độ phức tạp của các thuật toán, nghiên cứu về nhóm hoán vị và ứng dụng của chúng, và cuối cùng là trình bày một số vấn đề mở rộng và nâng cao."
22,"Môn Hệ truyền thông dữ liệu có ký hiệu là MSIS4523. Về nội dung, môn học này sẽ đề cập đến các loại mạng và giao thức mạng được ứng dụng trong việc truyền tải thông tin đa dạng ngày nay, bao gồm giọng nói, hình ảnh và dữ liệu thương mại. Bên cạnh đó, học viên sẽ được trang bị các thuật ngữ mạng và hiểu biết về cách vận hành của các thành phần trong hệ thống viễn thông."
23,"Môn học CS326 là môn học về Các kĩ thuật trong xử lý ngôn ngữ tự nhiên. Nội dung môn học tập trung vào việc giới thiệu các phương pháp xử lý ngữ nghĩa hình thức câu và văn bản trên máy tính. Ngoài ra, môn học cũng đưa ra một số công cụ phổ biến thường được sử dụng trong xử lý ngôn ngữ tự nhiên."
24,"Môn Thống kê và xác suất chuyên sâu với mã môn học DS101 cung cấp cho sinh viên nền tảng kiến thức chuyên sâu về xác suất và thống kê toán học. Môn học tập trung vào việc trang bị cho sinh viên các nguyên lý thống kê và các định đề xác suất, hỗ trợ họ trong việc giải quyết các bài toán thực tế liên quan đến phân tích và dự báo các đại lượng và quá trình ngẫu nhiên."
25,"Bộ môn Phân tích và Trực quan dữ liệu được giảng dạy với mã môn DS105. Mục đích của bộ môn này là cung cấp cho sinh viên những hiểu biết cơ bản về quy trình thu thập và xử lý dữ liệu; cũng như các kỹ thuật và công cụ phân tích, trực quan hóa dữ liệu."
26,Cử nhân ngành Mạng máy tính và Truyền thông dữ liệu (Áp dụng từ khóa 18 - 2023) - Hình thức đào tạo: Chính quy tập trung. - Số tín chỉ đào tạo: 130. Thời gian đào tạo: 4 năm
27,"Môn học Thực tập doanh nghiệp (NT215) là môn học thực hành cuối khóa nhằm giúp sinh viên tiếp cận thực tế nghề nghiệp. Trong quá trình thực tập tại các doanh nghiệp hoặc đơn vị sự nghiệp, sinh viên sẽ trải nghiệm môi trường làm việc, tiếp cận các công việc cụ thể, tích lũy kinh nghiệm thực tế và xử lý các tình huống phát sinh liên quan đến chuyên ngành đã chọn."
28,"Môn Các giải thuật khai phá dữ liệu lớn, ký hiệu là DS301, trình bày cơ bản về khái niệm, thuật toán dùng trong khai phá dữ liệu lớn, khả năng phân tích và thiết kế các ứng dụng khai phá dữ liệu lớn vào quản lý, và trang bị năng lực phát triển thuật toán khai phá dữ liệu lớn dựa trên kỹ thuật song song và phân phối."
29,"NT310 - Môn học Pháp chứng mạng di động chuyên sâu trong các kỹ thuật pháp chứng di động cơ bản, cung cấp tổng quan về các loại pháp chứng di động, công nghệ cần dùng, bằng chứng điện tử và phương thức thu thập. Môn học trang bị cho sinh viên phương pháp tiếp cận hệ thống trong quá trình điều tra pháp chứng di động (bao gồm cả điều tra tư pháp và điều tra trong doanh nghiệp), đồng thời hướng dẫn về yêu cầu của phòng thí nghiệm pháp chứng di động, bao gồm cả phần cứng, phần mềm và thiết bị phục hồi dữ liệu cần thiết để thực hiện công tác pháp chứng số trong phòng thí nghiệm. Thông qua lý thuyết và thực hành, sinh viên sẽ có khả năng thu thập chứng cứ từ điện thoại di động và hiện trường bằng cách sử dụng các công cụ thu thập dữ liệu."
30,"SE221 là môn Lập trình game nâng cao tập trung trang bị cho sinh viên kiến thức và kỹ năng liên quan đến:

* Các nguyên lý cơ bản về lập trình game trực tuyến, bao gồm kiến trúc game ngang hàng (peer-to-peer), kiến trúc máy khách/máy chủ (client/server)
* Các phương pháp xử lý vấn đề phát sinh trong môi trường mạng, như độ trễ (lag) và mất gói tin
* Qua khóa học, sinh viên sẽ có khả năng tự xây dựng các trò chơi có sự tương tác giữa nhiều người chơi qua mạng."
31,"Môn học Khóa luận tốt nghiệp có mã là SE505. Về nội dung học phần, để tốt nghiệp, sinh viên có hai lựa chọn: hoàn thành khóa luận tốt nghiệp hoặc thi 3 học phần chuyên đề tốt nghiệp. Với lựa chọn khóa luận tốt nghiệp, sinh viên sẽ tiến hành nghiên cứu và xây dựng phần mềm trong các chuyên ngành gồm kỹ thuật phần mềm, lập trình nhúng hoặc lập trình game dưới sự hướng dẫn của giảng viên. Cuối cùng, sinh viên cần bảo vệ thành công khóa luận trước hội đồng chấm thi. Trong khi đó, với lựa chọn 3 học phần chuyên đề, sinh viên sẽ học và thi 3 học phần do khoa quy định."
32,"Môn Trực quan hóa thông tin (có mã môn CS528) cung cấp nền tảng kiến thức và ứng dụng về trực quan hóa dữ liệu. Nội dung chính bao gồm: mã hóa trực quan, trừu tượng hóa dữ liệu và nhiệm vụ, biểu diễn trực quan, giảm chiều, dữ liệu bảng và biểu diễn dạng cây và đồ thị."
33,"Môn học có mã NT210 này mang tên Thương mại điện tử và ứng dụng triển khai. Nội dung chính của môn học gồm các mảng sau: Hoạt động thương mại và thương mại điện tử. Các mô hình thương mại điện tử. Tiếp thị điện tử (E-Marketing), thương mại điện tử di động (M-commerce). Công nghệ xây dựng trang web, bao gồm cả web động, web tĩnh, PHP và MySQL. Các rủi ro về bảo mật trong thương mại điện tử. Bảo mật thông tin, xác thực số và chữ ký điện tử. Giao dịch điện tử trong thương mại điện tử. Quản trị doanh nghiệp trong thương mại điện tử. Quản lý nguồn lực doanh nghiệp (ERP), quản lý quan hệ khách hàng (CRM), quản lý chuỗi cung ứng (SCM). Sinh viên sẽ được thực hành triển khai phần mềm thương mại điện tử mã nguồn mở EcShop và phần mềm quản lý quan hệ khách hàng Vtiger CRM."
34,"Môn Điện toán đám mây được mã hóa là MSIS402, giới thiệu các khái niệm nền tảng về điện toán đám mây, bao gồm định nghĩa, mô hình triển khai và cung cấp dịch vụ. Nó cũng phân tích đặc điểm của các dịch vụ đám mây, tìm hiểu về ảo hóa và những thách thức liên quan. Nguyên lý ảo hóa và xử lý phân tán được minh họa qua một công nghệ nền tảng đám mây cụ thể. Môn học cung cấp hướng dẫn về việc lựa chọn mô hình dịch vụ phù hợp với nhu cầu của tổ chức và doanh nghiệp. Ngoài ra, sinh viên còn được trang bị kỹ năng cài đặt một số thuật toán xử lý phân tán đơn giản trên một trong các nền tảng đám mây hiện có."
35,"Môn học Giao tiếp người máy được lựa chọn với mã là SE215. Tóm lược lại nội dung chính của môn học như sau: Nó cung cấp cho sinh viên các kiến thức nền tảng, những nguyên tắc thiết kế xây dựng tương tác, phương pháp xây dựng nguyên mẫu, đánh giá chất lượng giao diện, nguyên tắc thiết kế cho quá trình nhận thức. Chương đầu tiên giới thiệu một số kiến thức bao quát. Chương tiếp theo phân tích vai trò và cách thức tương tác. Chương thứ ba giới thiệu một vài quy trình. Chương thứ tư trình bày cách thiết kế đề cao vai trò của người dùng. Chương thứ năm cung cấp các mẫu thiết kế."
36,"Môn học Thiết kế 3D Game Engine, hay còn gọi là SE329, tập trung vào việc giải thích cấu trúc của 3D Game Engine và các thuật toán đồ họa 3D. Nhờ đó, sinh viên sẽ nắm được cách tự thiết kế và xây dựng một 3D Engine để phục vụ cho các trò chơi 3D phức tạp. Nội dung được truyền tải thông qua sự kết hợp của các bài giảng, thuyết trình, bài tập thực hành, nghiên cứu tài liệu và báo cáo dự án cuối khóa. Môn học được chia thành ba phần: giới thiệu về kiến trúc của 3D Game Engine, giới thiệu về các thuật toán đồ họa 3D và hướng dẫn thiết kế và xây dựng 3D Game Engine."
37,"Môn học có tên là CS412 là môn học về Web ngữ nghĩa. Tóm tắt nội dung môn học như sau: Web ngữ nghĩa là một vấn đề trong lĩnh vực xử lý ngôn ngữ tự nhiên và là một chuyên ngành trong lĩnh vực ứng dụng trí tuệ nhân tạo. Web ngữ nghĩa chuyên về việc xây dựng các hệ thống web có tri thức cao trên nền tảng các hệ cơ sở tri thức (ontology) và dữ liệu có cấu trúc, dữ liệu liên kết (linked data), ngôn ngữ truy vấn cơ sở dữ liệu liên kết."
38,"Môn học có tên gọi là CS338 và nó thuộc lĩnh vực Nhận dạng. Nội dung của môn học này bao gồm kiến thức cơ bản về các thuật toán nhận dạng có tham số và phi tham số như SVM, Mạng Neural Network, Mô Hình Markov Ẩn, Maximum Likelihood, K-Nearest Neighbor, K-Mean. Sinh viên có thể áp dụng các thuật toán này vào bài toán nhận dạng với dữ liệu đặc trưng được rút trích từ các dữ liệu thực tế."
39,"Môn học Xử lý song song được mã hóa là SE351. Tóm tắt nội dung như sau: Khóa học cung cấp cho sinh viên kiến thức cơ bản về thiết kế thuật toán song song hiệu quả như thiết kế thuật toán song song, phân tích hiệu suất của chương trình song song, lập trình đa luồng bằng POSIX, lập trình bằng OpenMP và ứng dụng các kỹ thuật lập trình song song để giải quyết bài toán khoa học."
40,"### Đoạn văn đã diễn giải:

Môn học Hệ điều hành Linux, với mã môn là NT103, mang đến cho sinh viên những hiểu biết cơ bản về hệ điều hành Linux. Nội dung môn học bao gồm cách thức cài đặt, giao diện sử dụng và quy trình thao tác cơ bản với Linux; cấu trúc hệ thống tệp, hệ thống tài khoản và các kỹ thuật quản lý chúng; quản trị hệ thống tập trung vào quản lý tiến trình, quản lý đĩa, biến môi trường...; script shell và cách viết một script; cấu hình các dịch vụ trên Linux."
41,"Môn Pháp luật đại cương có mã số SS006, được xếp vào nhóm kiến thức nền tảng của chương trình đào tạo. Môn học nhằm cung cấp kiến thức cơ bản về nhà nước và hệ thống pháp luật cho sinh viên, giúp họ hiểu rõ bản chất, vai trò của nhà nước và pháp luật trong đời sống xã hội. Từ đó, sinh viên sẽ hình thành nhận thức đúng đắn về quyền, nghĩa vụ của công dân, sống theo chuẩn mực đạo đức và tuân thủ luật pháp."
42,"Môn Công nghệ phần mềm chuyên sâu được mã hóa là SE214, tập trung truyền đạt kiến thức chuyên sâu về các phương pháp, quy trình phát triển phần mềm mới và tân tiến như RUP, Agile, XP, Scrum. Sinh viên sẽ được trang bị nền tảng vững chắc về đặc tả và công nghệ yêu cầu, cũng như làm quen với các kiến thức về quản lý và triển khai dự án phần mềm. Thông qua môn học này, sinh viên có thể nắm vững và vận dụng thành thạo các quy trình tiên tiến trong lĩnh vực công nghệ phần mềm, đồng thời có đủ năng lực thiết lập, quản lý và triển khai một dự án phần mềm một cách chuyên nghiệp."
43,"Môn học có mã MKTG5883 với tên gọi Khai phá dữ liệu và ứng dụng, truyền tải kiến thức về khai thác tri thức ẩn trong ứng dụng CSDL. Nội dung môn học bao gồm: quy trình khai thác tri thức, các bài toán tập phổ biến và luật kết hợp, bài toán chuỗi tuần tự, bài toán phân lớp, bài toán gom cụm. Bên cạnh đó, môn học còn giới thiệu các ứng dụng thực tế của khai thác dữ liệu."
44,"Môn học CE409 là môn Kỹ thuật thiết kế kiểm tra. Nội dung môn học tóm tắt như sau: Môn học này giúp sinh viên hiểu về quy trình thiết kế và phát triển vi mạch số từ ý tưởng đến thiết kế, hiện thực và kiểm thử trên FPGA, trên SoC theo hướng ASIC. Sinh viên sẽ nắm được kiến thức và kỹ năng về các module ngoại vi, bộ xử lý, thiết kế mạch kiểm tra tích hợp bằng ngôn ngữ phần cứng hoặc ngôn ngữ cấp cao (C/C++) để kiểm tra hoạt động của vi mạch ngoại vi, vi mạch xử lý. Họ cũng sẽ có kỹ năng phân tích, đánh giá và kiểm tra mẫu thiết kế trên chip FPGA, cũng như phân tích và đánh giá các chức năng của các vi mạch thiết kế dựa trên kết quả mô phỏng."
45,"Môn học CS332 trong lĩnh vực Thị giác Máy tính tập trung vào việc giới thiệu các giải pháp kỹ thuật để áp dụng phương pháp máy học vào các bài toán quan trọng trong ngành Thị giác máy tính, bao gồm: phát hiện đối tượng (phát hiện khuôn mặt, phát hiện người đi bộ), nhận dạng (phân loại đối tượng, nhận dạng chi tiết), phân tích ngữ nghĩa và chỉ mục hóa."
46,"Cử nhân ngành Trí tuệ Nhân tạo (Áp dụng từ khóa 18 - 2023) Tên ngành đào tạo: Tiếng Việt: Trí tuệ nhân tạo. Tiếng Anh: Artificial Intelligence. Mã ngành đào tạo: 7480107. Trình độ đào tạo: Đại học. Loại hình đào tạo: Chính quy tập trung. Thời gian đào tạo: 3.5 năm (gồm 7 học kỳ chính thức). Số tín chỉ đào tạo: Tối thiểu 128 tín chỉ (bao gồm cả ngoại ngữ). Tên văn bằng sau khi tốt nghiệp: Tiếng Việt: Cử nhân Trí tuệ nhân tạo. Tiếng Anh: Bachelor of Science in Artificial Intelligence⠀- Nơi đào tạo: Trường Đại học Công nghệ Thông tin, ĐHQG-HCM"
47,"Môn học CE206, còn được gọi là Đồ án 2, tập trung vào việc cung cấp kỹ năng thiết kế hệ thống mạch điện-điện tử và vi mạch tiếp theo so với môn Đồ án 1. Ngoài ra, môn học cũng giúp sinh viên phát triển kỹ năng thiết kế phần mềm nhúng và phần mềm cho vi mạch mà sinh viên tự thiết kế."
48,"Môn Dữ liệu lớn (mã môn MSIS405) tổng quan về: dữ liệu lớn và giải quyết các thách thức của dữ liệu lớn (phân tích, xử lý). Các kỹ thuật R statistics, Hadoop và Map reduce được giới thiệu để trực quan hóa, phân tích dữ liệu lớn và xây dựng mô hình thống kê."
49,"Môn Mạng máy tính (CS4283) trang bị kiến thức về các mạng máy tính, hệ thống phân phối và thiết kế của chúng. Nội dung bao gồm tìm hiểu về cách thức sử dụng, cấu trúc và kiến trúc mạng. Các thí nghiệm thực hành mô phỏng cấu trúc mạng giúp củng cố lý thuyết."
50,"Môn Hệ thống tìm kiếm, phát hiện và ngăn ngừa xâm nhập (mã NT204) cung cấp tổng quan toàn diện về các hệ thống này. Nội dung bao gồm: các phương pháp ngăn chặn tấn công, vá lỗ hổng, hệ thống cảnh báo tấn công và thu thập thông tin về hoạt động tấn công mạng, cách thu thập bằng chứng pháp lý và lập báo cáo đầy đủ. Ngoài ra, môn học cũng đề cập đến các tính năng bảo mật của IDS, chẳng hạn như tin nhắn được mã hóa và đường hầm VPN, cũng như cách hạn chế các hành vi xâm nhập trái phép."
51,"Môn học CS337 là môn học về Xử lý âm thanh và tiếng nói. Nội dung môn học tập trung vào kiến thức cơ bản về xử lý tín hiệu số, đặc biệt là tín hiệu âm thanh và tiếng nói. Các chủ đề trong môn học bao gồm: mô hình hóa âm thanh, dự đoán tuyến tính, xử lý homomorphic, phân tích thời gian-tần số, thính giác, nhận dạng và tổng hợp giọng nói cơ bản."
52,"Môn Quản trị chuỗi cung ứng (mã môn MKTG4223) trình bày kiến thức toàn diện về quản trị Logistics, nền tảng của quản trị chuỗi cung ứng. Trong đó, hệ thống ERP đóng vai trò hỗ trợ các hoạt động lập kế hoạch, tổ chức, thực hiện và kiểm tra chuỗi cung ứng hiệu quả trong các tổ chức doanh nghiệp hiện đại."
53,"Cử nhân ngành Thương mại điện tử (Áp dụng từ Khoá 18 - 2023) Đào tạo nguồn nhân lực có kiến thức và kỹ năng chuyên sâu về Thương mại điện tử nhằm giải quyết các bài toán về kinh doanh - quản lý hiện nay, nghiên cứu và chuyển giao công nghệ tiên tiến trong CNTT vào thương mại điện tử, đặc biệt là hướng vào các ứng dụng nhằm góp phần đẩy mạnh sự nghiệp công nghiệp hóa, hiện đại hóa đất nước."
54,"Môn học NT207 với tên gọi Quản lý rủi ro và an toàn thông tin doanh nghiệp cung cấp kiến thức cơ bản về các loại rủi ro mà công ty có thể phải đối mặt cùng các biện pháp hiệu quả để phòng ngừa và giảm thiểu những mối đe dọa này. Nội dung môn học cũng bao gồm vai trò quan trọng của an ninh thông tin trong các tổ chức chính phủ, doanh nghiệp thương mại và công nghiệp, giúp sinh viên hiểu rõ cách xây dựng một chương trình quản lý rủi ro hiệu quả, cũng như đánh giá hiệu quả của các biện pháp bảo mật thông tin trong việc ngăn chặn những rủi ro liên quan."
55,"Cử nhân khoa học ngành Khoa học Dữ liệu (Áp dụng từ khóa 18 - 2023) Mục tiêu chung Đào tạo cử nhân ngành Khoa học dữ liệu có đủ kiến thức vững chắc, năng lực chuyên môn, có phẩm chất chính trị, đạo đức, có khả năng tự học, tự nghiên cứu để làm việc hiệu quả trong lĩnh vực công nghệ thông tin nói chung và khoa học dữ liệu nói riêng nhằm đáp ứng nhu cầu phát triển của xã hội trong thời đại cách mạng công nghiệp 4.0."
56,"Với mã số lớp học NT137, Kỹ thuật phân tích mã độc là một môn học cung cấp kiến thức cơ bản về lĩnh vực 分析 phần mềm độc hại. Trong bối cảnh ngày càng gia tăng của các loại mã độc, việc trang bị các kỹ năng phân tích và tìm hiểu cơ chế hoạt động của chúng vô cùng quan trọng. Môn học này sẽ cung cấp cho sinh viên những kiến thức và kỹ thuật mới nhất về phân tích mã độc, bao gồm cả hai phương pháp chính là phân tích tĩnh và phân tích động."
57,"Môn học có mã JAN03 có tên là Tiếng Nhật 3. Môn học này cung cấp kiến thức tiếng Nhật ở cấp Sơ cấp 3 (tương đương đầu trình độ N4) cho người học, trang bị kỹ năng nghe, nói, đọc, viết tương ứng ở mức độ tương đương. Môn học đặc biệt hướng đến mục tiêu nâng cao khả năng giao tiếp của người học."
58,Môn học có tên là CS321 và nó thuộc lĩnh vực Ngôn ngữ học ngữ liệu. Môn học này tập trung vào việc nghiên cứu và xử lý ngôn ngữ tự nhiên trên máy tính bằng cách sử dụng dữ liệu ngôn ngữ được lưu trữ trên máy tính. Mục tiêu của môn học là giới thiệu các khía cạnh nghiên cứu về ngữ liệu để phục vụ cho các bài toán trong xử lý ngôn ngữ tự nhiên và các lĩnh vực liên quan như nghiên cứu ngôn ngữ và giảng dạy ngoại ngữ.
59,"Môn học CS1113 là môn Khoa học máy tính I. Tóm tắt nội dung môn học bao gồm giới thiệu về khoa học máy tính sử dụng ngôn ngữ máy tính cấp cao có cấu trúc khối, các chương trình con, mảng, bản ghi và các loại dữ liệu trừu tượng. Ngoài ra, môn học còn bao gồm nguyên lý giải quyết các vấn đề, thực hành lập trình, khai báo biến, kiểu dữ liệu, các phương pháp tìm kiếm và sắp xếp cơ bản, cũng như sử dụng các lệnh và công cụ của hệ điều hành."
60,"Môn học có tên CS312 là môn học về Hệ thống đa tác tử. Nội dung của môn học bao gồm các kiến thức về Công nghệ đa tác tử, bao gồm các khái niệm về tác tử và hệ thống đa tác tử, các hoạt động trong hệ thống đa tác tử, công nghệ JADE về hệ thống đa tác tử, và ứng dụng của tác tử trong một số lĩnh vực."
61,"Môn Bảo mật thông tin với thẻ thông minh và giao tiếp tầm gần (NFC) (mã NT312) trang bị cho sinh viên kiến thức nền tảng về thẻ thông minh, tập trung vào bảo mật thẻ thông minh. Không chỉ dừng lại ở các ứng dụng phổ biến trong liên lạc di động và công nghiệp, môn học còn khai thác tiềm năng ứng dụng của thẻ thông minh và công nghệ NFC hiện đại. Nội dung môn học bao trùm các vấn đề bảo mật liên quan, tiêu chuẩn thiết kế hệ thống thẻ thông minh an toàn, các phương thức và mối đe dọa tấn công, cũng như giải pháp bảo mật trong phát triển sản phẩm thương mại ứng dụng thẻ thông minh. Bên cạnh lý thuyết, môn học còn cung cấp kỹ năng phát triển ứng dụng thực tế sử dụng thẻ thông minh và công nghệ NFC."
62,"Môn Đại số tuyến tính (MATH3013) cung cấp nền tảng về lý thuyết và ứng dụng của ma trận trong các ngành kỹ thuật. Môn học bao gồm các nội dung chính như ma trận, hệ phương trình tuyến tính, không gian vectơ, hạng, ma trận nghịch đảo, biến đổi tuyến tính, giá trị riêng, vectơ riêng, không gian Euclid và trực giao."
63,"Môn học CS231 về Thị giác máy tính giới thiệu các kiến thức căn bản trong lĩnh vực này, bao gồm low-level computer vision và mid-level computer vision. Các chủ đề cụ thể bao gồm rút trích và khai thác thông tin trên ảnh, các loại đặc trưng thị giác cấp thấp và phương pháp biểu diễn đặc trưng thị giác cấp thấp, kĩ thuật so khớp ảnh, kĩ thuật phân đoạn ảnh và phương pháp theo vết (tracking)."
64,"Môn Thu thập và tiền xử lý dữ liệu với mã học phần DS103 sẽ giúp sinh viên nắm được các phương pháp thu thập, xử lý dữ liệu nhằm phục vụ cho việc phân tích và sử dụng dữ liệu trong tương lai. Môn học giới thiệu các nguyên tắc cơ bản về thu thập dữ liệu như lấy dữ liệu thô từ web, API, cơ sở dữ liệu và nhiều nguồn khác ở nhiều định dạng khác nhau, sau đó làm sạch dữ liệu và chuyển đổi dữ liệu ở dạng sẵn sàng để chia sẻ. Dữ liệu sẵn sàng giúp tăng hiệu quả cho quá trình phân tích dữ liệu."
65,"Môn EC337 có tên gọi là Hệ thống thanh toán trực tuyến, cung cấp cái nhìn toàn diện về các phương thức thanh toán truyền thống và tiên tiến. Môn học này đào sâu vào các vấn đề an toàn và bảo mật liên quan đến các giao dịch trực tuyến. Ngoài ra, môn học còn hướng dẫn cách tích hợp các công cụ thanh toán trực tuyến vào các hệ thống quản lý bán hàng và tài chính của doanh nghiệp."
66,"Môn học Đại số máy tính có mã số CS522 tổng kết nội dung như sau: Lý thuyết đồ thị nâng cao, làm rõ các đặc tính đồ thị gồm: đồ thị chu trình Euler, đồ thị chu trình Hamilton, đặc tính cây, cây đỏ đen, cây Huffman, v.v. Ngoài ra, môn học còn giới thiệu về ứng dụng triển khai các thuật toán trên đồ thị với máy tính, cùng với giới thiệu bài toán ghép đôi và lý thuyết mã."
67,"Môn học CS214, còn được gọi là Biểu diễn tri thức và suy luận, nhằm cung cấp cho sinh viên các phương pháp biểu diễn tri thức và suy luận sâu hơn và rộng hơn. Trong môn học này, đặc biệt chú trọng đến phương pháp tiếp cận BDTT dựa trên các ontology, giúp sinh viên có thể áp dụng để giải quyết các vấn đề thực tế. Ngoài ra, môn học cũng tập trung vào việc vận dụng các phương pháp kĩ thuật vào một số ứng dụng cụ thể."
68,"Môn học CE337 là môn học Tối ưu hóa dựa trên FPGA. Nội dung môn học tóm tắt như sau: Môn học này giới thiệu các ứng dụng sử dụng thiết bị có khả năng tái cấu hình. Chủ đề của môn học được chia thành ba phần chính: kiến trúc, phương pháp thiết kế và ứng dụng. Phần kiến trúc bao gồm giới thiệu về thiết bị lập trình tái cấu hình, đặc biệt là thiết bị thương mại hóa cao Field Programmable Gate Arrays (FPGAs), và các hệ thống có khả năng tái cấu hình. Phần phương pháp thiết kế bao gồm cách thiết kế cho FPGAs với sự trợ giúp của máy tính, biên dịch từ ngôn ngữ lập trình, thiết kế mức hệ thống: chẳng hạn như phân hoạch, kết nối, và tái cấu hình từng phần. Trong phần cuối cùng, những ứng dụng chính yếu của kỹ thuật tái cấu hình được thảo luận, từ ứng dụng công nghệ sinh học, bảo mật mạng cho đến các vấn đề về xử lý tín hiệu số và xử lý ảnh."
69,"Môn học Tính toán lưới, mã môn NT333, trang bị cho sinh viên các kiến thức về: lý thuyết tính toán lưới, kiến trúc cùng thành phần của hệ thống tính toán lưới; các tiêu chuẩn hỗ trợ tính toán lưới OGSI và OGSA; cách xây dựng hệ thống tính toán lưới, cơ sở về quản trị, phát triển lưới và an ninh lưới; hệ thống truyền thông lưới."
70,"Cử nhân ngành Thương mại điện tử (Áp dụng từ Khoá 18 - 2023) - Hình thức đào tạo: chính quy tập trung. - Số tín chỉ đào tạo: 125 - Thời gian đào tạo: Cử nhân: 4 năm, 8 học kỳ."
71,"Môn học CE334 là môn Thiết kế vi mạch tương tự. Tóm tắt môn học như sau: Môn học này trình bày kiến thức cơ bản về thiết kế vi mạch tương tự. Nó cung cấp các phương pháp để phân tích, thiết kế, mô phỏng và layout các thành phần hoặc mạch tương tự ở mức CMOS. Ngoài ra, môn học cũng có các bài thực hành để giúp sinh viên hiểu rõ hơn lý thuyết và có cái nhìn thực tế về thiết kế vi mạch tương tự."
72,"Môn học có mã DS102, Học máy thống kê, trang bị cho sinh viên kiến thức cơ bản và chuyên sâu về học máy, bao gồm: học máy thống kê, học từ dữ liệu (phân tích dữ liệu thống kê, chọn mẫu dữ liệu, hồi quy tuyến tính, logistic), học có giám sát và không giám sát. Ngoài ra, sinh viên sẽ được tìm hiểu những thách thức trong quá trình học từ dữ liệu như mất cân bằng dữ liệu, quá khớp và nhiễu. Thông qua các ví dụ thực tế, sinh viên sẽ nắm vững các kiến thức về học máy thống kê và có thể áp dụng chúng vào nhiều lĩnh vực thực tiễn."
73,"Môn Tiếng Nhật 7, với mã JAN07, cung cấp kiến thức tiếng Nhật trình độ trung cấp 3 (tương đương N3) trên cả bốn kỹ năng nghe, nói, đọc, viết. Qua đó, sinh viên sẽ nâng cao khả năng ứng dụng ngôn ngữ vào giao tiếp thực tế."
74,"Môn học Quản trị sản xuất, với mã môn học là EC332, bao gồm các khái niệm và mô hình sản xuất cùng quản lý sản xuất theo Kanban, Lean, 6 Sigma, cũng như hoạch định nguồn lực bằng hệ thống ERP."
75,"Môn chuyên sâu về Thương mại Điện tử (mã môn SE331) cung cấp một cái nhìn toàn diện về lĩnh vực thương mại điện tử. Nội dung chính của môn học bao gồm:

- Giới thiệu tổng quan về thương mại điện tử, xu hướng hiện tại và tương lai của nó, cũng như những ngành phù hợp để áp dụng thương mại điện tử.
- Các mô hình thương mại điện tử khác nhau tùy theo loại tương tác, các phương thức thanh toán phổ biến và các dịch vụ hỗ trợ thanh toán hiện có.
- Vấn đề bảo mật trong giao dịch thương mại điện tử.
- Các công nghệ, kỹ thuật và quy trình để phát triển một trang web thương mại điện tử, cũng như các kiến thức và kỹ năng cần thiết để vận hành nó hiệu quả."
76," Môn Kiến trúc Phần mềm được định danh bằng mã môn SE356. Nội dung chính của môn học là cung cấp cho sinh viên kiến thức về các kiến trúc phần mềm hiện đại, đặc điểm của chúng. Từ đó, sinh viên có thể lựa chọn được kiến trúc phần mềm phù hợp nhất với các yêu cầu đặt ra. Môn học giới thiệu về các kiến trúc phổ biến, chẳng hạn như kiến trúc phân lớp, kiến trúc thành phần, kiến trúc sự kiện, kiến trúc khung xương... Cùng với đó là các phương pháp mô tả và lựa chọn kiến trúc phần mềm phù hợp."
77,"Môn học Thiết kế Game với mã môn SE220 tổng hợp kiến thức và kỹ năng cơ bản về thiết kế trò chơi điện tử. Nội dung chương trình bao gồm: giới thiệu về nền tảng tâm lý học liên quan đến trò chơi điện tử, bản chất của trò chơi, nguyên nhân khiến trò chơi trở nên hấp dẫn và tác động đến tâm lý người chơi. Các chủ đề khác được đề cập đến là kỹ thuật thiết kế trò chơi, bài học lịch sử và các tiêu chuẩn thiết kế. Chương trình tiếp tục làm rõ các khía cạnh về thiết kế giao diện người dùng, xây dựng menu, sắp xếp các thành phần giao diện, thiết kế biểu tượng và thiết kế HUD. Cuối cùng, chương trình đề cập đến thiết kế cấp độ trò chơi, thảo luận về cách đặt ra những thử thách, xây dựng bối cảnh và tạo điểm nhấn cho từng cấp độ."
78,"Môn học CS3613 là môn học Cơ sở tính toán. Nội dung môn học được tóm tắt như sau: Giới thiệu lý thuyết cổ điển về khoa học máy tính, ứng dụng các máy tuần tự vào các thiết bị, tiến trình và lập trình. Các mô hình tính toán bao gồm automat hữu hạn, automat đẩy xuống và máy Turing. Ngoài ra, môn học còn trình bày về vai trò của không tất định và giới hạn của máy tính số, cũng như khái niệm giải được và không giải được."
79,"Môn học Xác suất thống kê có mã số là MA005, là môn học bắt buộc hoặc tự chọn đối với sinh viên theo học một số chuyên ngành thuộc lĩnh vực công nghệ thông tin. Đây cũng là một môn thi đầu vào bậc sau đại học của ngành Khoa học máy tính. Nội dung môn học bao gồm các khái niệm và phương pháp liên quan đến lý thuyết xác suất (chẳng hạn như Không gian xác suất, Biến ngẫu nhiên, Hàm đặc trưng, Dãy các biến ngẫu nhiên, Các quy luật phân phối xác suất, Các định lý giới hạn phân phối xác suất) và thống kê (Mẫu ngẫu nhiên, Ước lượng điểm và ước lượng khoảng, Kiểm định các giả thiết thống kê, Phân tích tương quan và hồi quy, Một số vấn đề về quá trình ngẫu nhiên). Ngoài ra, môn học còn hướng dẫn cách nhận diện, phân tích và xử lý các vấn đề thực tế, cũng như cách xử lý dữ liệu thống kê để đưa ra các suy luận hợp lý, hỗ trợ quá trình ra quyết định."
80,"Môn học CS316 là môn học về các hệ giải bài toán thông minh. Nội dung môn học bao gồm việc trình bày về tiêu chuẩn và cấu trúc của hệ giải bài toán thông minh, như là một lớp hệ chuyên gia. Ngoài ra, môn học cũng tập trung vào phương pháp và kỹ thuật sử dụng để thiết kế hệ giải bài toán thông minh. Một phần của môn học là khảo sát các vấn đề kĩ thuật đặc thù của hệ IPS và áp dụng lý thuyết để xây dựng các hệ IPS thực tế. Cuối cùng, môn học cũng giới thiệu một số ứng dụng cụ thể."
81,"Môn Giải tích, có mã môn là MA006, là môn học thuộc chương trình đại cương, bắt buộc với toàn thể sinh viên. Nội dung môn học này bao gồm các kiến thức cơ bản về phép tính vi phân hàm số nhiều biến; phép tính tích phân (tích phân bội), tích phân đường, tích phân mặt; kỹ năng khảo sát chuỗi số, chuỗi hàm, tích phân suy rộng; nhận dạng và giải các phương trình vi phân cấp một, cấp cao, v.v. Từ đó, sinh viên được trang bị kiến thức nền tảng để tiếp tục học các môn chuyên ngành hoặc phục vụ cho quá trình thực hiện khóa luận tốt nghiệp."
82,"Môn Hệ thống thông tin quản lý được ký hiệu là IS332. Về nội dung, môn học sẽ cung cấp các kiến thức cơ bản về hệ thống thông tin quản lý, các thành phần cấu thành, chức năng, vị trí và tầm quan trọng của hệ thống trong doanh nghiệp. Ngoài ra, sinh viên còn được học về cách hệ thống hỗ trợ cho các hoạt động kinh doanh, ra quyết định và tạo lợi thế cạnh tranh. Phương pháp triển khai cũng như quy trình giải quyết vấn đề kinh doanh bằng hệ thống thông tin trên nền tảng công nghệ thông tin được chú trọng đào tạo trong môn học này. Cuối cùng, sinh viên sẽ được nghiên cứu một số hệ thống thông tin điển hình qua các tình huống thực tế (Case Study)."
83,"Môn học Thiết kế Mạng (mã NT113) cung cấp kiến thức toàn diện về thiết kế mạng. Nội dung bao gồm: Xác định mục tiêu thiết kế, đặc điểm của hệ thống mạng; thiết kế cấu trúc kết nối mạng, lựa chọn thiết bị và phần mềm; xây dựng chiến lược bảo mật và quản lý mạng; ứng dụng công nghệ và thiết bị trong mạng khuôn viên trường, mạng doanh nghiệp; đánh giá và tối ưu thiết kế mạng; lập tài liệu thiết kế mạng."
84,"Môn CS431 có tên gọi đầy đủ là 'Các kĩ thuật học sâu và ứng dụng'. Môn học này giới thiệu những kiến thức nền tảng về học máy, đồng thời tập trung vào các phương pháp học máy hiện đại như học sâu (Deep Learning). Thông qua môn học, sinh viên sẽ được trang bị kiến thức để triển khai thuật toán huấn luyện Gradient Descent và sử dụng nó để huấn luyện mạng nơ-ron (Neural Network - NN), hiểu về cấu trúc mạng nơ-ron tích chập (Convolutional Neural Network - CNN) trong bài toán phân loại đối tượng, kỹ thuật huấn luyện lại mạng CNN cho dữ liệu mới và các ứng dụng của mạng CNN trong các bài toán như nhận dạng khuôn mặt, phát hiện đối tượng và truy vấn đối tượng."
85,"Môn học Công nghệ mạng viễn thông có mã NT402, được thiết kế dành riêng cho sinh viên ngành Mạng máy tính và viễn thông. Nội dung môn học tập trung trang bị cho sinh viên nền tảng kiến thức vững chắc về các hạ tầng viễn thông tiên tiến hiện nay, cụ thể là mạng thông tin di động (3G/4G/5G), mạng đồng trục cáp quang và các hệ thống hạ tầng khác."
86,"Chủ đề Lập trình hướng đối tượng, mã môn học MSIS2433, bao gồm:

- Tổng quan về lập trình hướng đối tượng, tập trung vào nguyên tắc thiết kế có cấu trúc, phát triển và kiểm thử.
- Cú pháp ngôn ngữ lập trình, vai trò của mô hình hướng đối tượng trong thiết kế và triển khai ứng dụng phần mềm.
- Nguyên lý trao đổi dữ liệu và các chủ đề liên quan.
- Lập trình hướng đối tượng nhấn mạnh vào tính đóng gói (tạo lớp và thể hiện), tính kế thừa (xác định lớp kế thừa và phương thức từ lớp hiện có) và tính đa hình."
87,"Môn Thực tế ảo, hay còn gọi là CS527, giúp bạn hiểu về các khái niệm cốt lõi và mô hình đằng sau ứng dụng thực tế ảo, cách tích hợp thế giới ảo vào thực tế và các công cụ để tạo ứng dụng thực tế ảo."
88,"Môn học ACCT3603 là một môn học về Hệ thống thông tin kế toán. Nội dung của môn học này tập trung vào kiến thức về công tác kế toán, chu trình nghiệp vụ kế toán, tổ chức và xây dựng hệ thống thông tin kế toán, cũng như việc thiết kế và tin học hóa công tác kế toán."
89,"Môn học CS217 là môn học về hệ cơ sở tri thức và hệ chuyên gia, phương pháp thiết kế và các ứng dụng. Nội dung chính bao gồm: khái niệm, cấu trúc và quy trình xây dựng hệ thống; phương pháp thiết kế các thành phần trung tâm của hệ thống như cơ sở tri thức và bộ suy diễn cùng các kỹ thuật liên quan khác; thiết kế và xây dựng các ứng dụng cụ thể."
90,"Môn học CS2133 - Khoa học máy tính II, tóm tắt nội dung như sau: Giới thiệu thuật toán đệ quy, phương pháp tìm kiếm và sắp xếp thông dụng, tổ chức chương trình, lập trình bộ nhớ động, danh sách liên kết đơn, kế thừa, đa hình, xử lý ngoại lệ, stack, queue, vectors, cây... Phân tích toán học về độ phức tạp không gian và thời gian, tình huống xấu nhất và trung bình."
91,"Môn NT015 Giới thiệu ngành An toàn Thông tin cung cấp kiến thức tổng quát về ngành Công nghệ thông tin (CNTT) và các chuyên ngành chính gồm: Khoa học máy tính, Kỹ thuật máy tính, Kỹ thuật phần mềm, Mạng máy tính và truyền thông, Hệ thống thông tin. Môn học giới thiệu nội dung học tập, cơ hội nghề nghiệp tương ứng với từng chuyên ngành, đặc biệt là ngành An toàn thông tin."
92,Cử nhân khoa học ngành Khoa học Dữ liệu (Áp dụng từ khóa 18 - 2023) ‒ Hình thức đào tạo: Chính quy tập trung.‒ Số tín chỉ đào tạo: Tối thiểu 123 (bao gồm cả ngoại ngữ).‒ Thời gian đào tạo: 4 năm (8 học kỳ chính).
93,"Môn Tổ chức và cấu trúc máy tính với mã môn IT010 cung cấp kiến thức cơ bản về các hệ thống số và cách chuyển đổi giữa chúng. Ngoài ra, môn học giới thiệu về đại số Boolean, cấu trúc của CPU, các loại bộ nhớ (như bộ nhớ trong, ngoài và bộ nhớ đệm) và các thiết bị đầu vào/đầu ra thường sử dụng."
94,"Cử nhân ngành Thiết kế Vi mạch (Áp dụng từ khóa 19 - 2024) a) Tên ngành đào tạo: Tiếng Việt: Thiết kế Vi mạch. Tiếng Anh: Integrated Circuit Design. b) Mã ngành đào tạo: 75202a1 c) Loại hình đào tạo: Chính quy tập trung d) Thời gian đào tạo: 4 năm, 8 học kỳ đ) Tên văn bằng sau khi tốt nghiệp: + Tiếng Việt: Cử nhân Thiết kế Vi mạch + Tiếng Anh: Bachelor of Engineering in Integrated Circuit Design e) Địa điểm đào tạo: Trường Đại Học Công Nghệ Thông Tin – ĐHQG TP.HCM"
95,"Môn Kỹ năng nghề nghiệp với mã môn SS004 tập trung vào trang bị cho sinh viên những kỹ năng cần thiết trong lĩnh vực công nghệ thông tin (CNTT). Những kỹ năng này bao gồm giao tiếp hiệu quả, làm việc nhóm, tư duy phản biện, quản lý thời gian và thuyết trình. Nội dung môn học chú trọng vào việc truyền đạt kiến thức và thực hành các kỹ năng này, giúp sinh viên có nền tảng cơ bản đáp ứng được yêu cầu học tập và công việc trong lĩnh vực CNTT."
96,"Môn học Cơ chế hoạt động của mã độc có mã môn học là NT230. Tóm tắt nội dung môn học như sau: Mã độc là chủ đề quan trọng trong an toàn thông tin. Việc hiểu được cơ chế hoạt động của mã độc sẽ giúp ích trong việc xây dựng được các hệ thống phát hiện, ngăn chặn chúng. Do đó, môn học này có mục tiêu trang bị cho sinh viên kiến thức cả lý thuyết và thực hành về hoạt động của các mã độc thông dụng. Cụ thể môn học trình bày cơ chế vận hành, các kĩ thuật được sử dụng của các mã độc thông dụng như virus, sâu, botnet, rootkit, ..."
97,"Môn học mang tên Kiến trúc máy tính, được mã hóa là IT006. Nội dung chủ yếu bao gồm: kiến thức nền tảng về kiến trúc máy tính, như lịch sử hình thành và những công nghệ liên quan đến sự phát triển của máy tính; các khái niệm cơ bản trong kiến trúc máy tính như các thành phần cấu tạo, nguyên tắc hoạt động, kiến trúc tập lệnh và hiệu suất máy tính. Ngoài ra, môn học còn cung cấp kiến thức về lập trình hợp ngữ và các vấn đề liên quan đến CPU, như thiết kế datapath cơ bản và cơ chế đường ống."
98,Môn học CE433 về Thiết kế hệ thống SoC giới thiệu về phương pháp thiết kế SoC và cung cấp kiến thức cơ bản về các vi mạch SoC cho sinh viên.
99,"Môn NT213 với tên gọi Bảo mật web và ứng dụng là một môn học cung cấp cái nhìn tổng quát về các kỹ thuật hack ứng dụng web. Sinh viên theo học sẽ được tiếp cận với các phương pháp bảo mật như thu thập thông tin, xác thực đầu vào từ phía máy chủ và bảo vệ các nền tảng phía máy khách. Ngoài ra, môn học còn trang bị kiến thức về phần mềm độc hại dành cho nền tảng web."
100,"Môn học CS005 là môn Giới thiệu ngành Khoa học Máy tính. Nội dung môn học tóm tắt như sau: Môn học này cung cấp kiến thức giới thiệu về ngành CNTT và Khoa học Máy tính. Nó cung cấp thông tin và kiến thức cơ bản về ngành học, chương trình đào tạo, chuẩn đầu ra, cơ hội nghề nghiệp và mối liên hệ với các ngành khác."
101,Cử nhân ngành Khoa học Máy tính (Áp dụng từ khóa 18 - 2023) Hình thức đào tạo: Chính quy tập trung. Số tín chỉ đào tạo: 126 tín chỉ Cấp bằng: Cử nhân ngành Khoa học Máy tính. Thời gian đào tạo: 3.5 năm (gồm 7 học kỳ chính thức).
102,"Môn Giải tích I (mã MATH2144) là học phần đầu tiên trong lĩnh vực giải tích, trình bày các khái niệm nền tảng về phương trình trong hệ tọa độ Descartes và hệ tọa độ cực. Học phần này trang bị các phương pháp dựng đồ thị hàm số, kỹ thuật vi phân và tích phân cùng với ứng dụng của chúng, bao gồm kỹ thuật vi phân từng phần và ứng dụng đối với các hàm nhiều biến."
103,"Môn học ""Mẫu Thiết kế"" với mã khóa là SE401 cung cấp một cái nhìn sâu sắc về những mẫu thiết kế phổ biến trong phát triển phần mềm. Nội dung môn học tập trung vào việc khám phá các kiến trúc thiết kế linh hoạt, cho phép áp dụng các mẫu thiết kế hiệu quả trong nhiều tình huống khác nhau. Từ đó, sinh viên sẽ nắm vững các giải pháp thiết kế đa dạng, hỗ trợ đắc lực cho quá trình phát triển phần mềm thành công."
104,Môn học Lý thuyết thông tin với mã môn NT104 trình bày chuyên sâu về các nguyên lý và khái niệm cơ bản của truyền thông thông tin. Nội dung môn học này bao gồm: các biện pháp đo lường thông tin như lượng tin và entropy; các mô hình nguồn và kênh truyền tin rời rạc; các phương thức mã hóa và giải mã hiệu quả để nén dữ liệu; các kỹ thuật mã hóa chống nhiễu bảo vệ tính toàn vẹn của thông tin trên kênh truyền; và các thuật toán bảo mật đảm bảo tính bí mật và xác thực của dữ liệu.
105,"Môn Thị giác máy tính trong tương tác người-máy, hay CS532, là một môn học giới thiệu các cách tiếp cận tương tác người-máy dựa trên các kỹ thuật và phương pháp thị giác máy tính. Tập trung vào việc phân tích, nhận dạng cử chỉ, hành động và biểu cảm khuôn mặt của người dùng thông qua hình ảnh và video (bao gồm cả video 2D truyền thống và video độ sâu)."
106,Môn Lập trình Java (mã môn IS216) sẽ giúp bạn: - Hiểu những nguyên lý cơ bản của ngôn ngữ Java - Áp dụng công nghệ Java để tạo nên các ứng dụng - Tập trung vào công nghệ Java dành cho máy chủ - Nắm vững các khái niệm cốt lõi trong lập trình Java - Hiểu bản chất giao tiếp giữa máy khách (Client) và máy chủ (Server) trong Java - Làm chủ ngôn ngữ lập trình web động Java với khả năng quản lý cơ sở dữ liệu SQL Server hoặc MySQL - Áp dụng kỹ thuật lập trình Ajax trong Java - Tìm hiểu các Framework hỗ trợ viết web bằng Java - Lập trình và triển khai các ứng dụng cơ sở dữ liệu web động bằng mô hình MVC
107,"Môn Các vấn đề chọn lọc trong Thị giác máy tính (CS420) là một môn học có nội dung linh hoạt, tập trung chủ yếu vào các chủ đề và vấn đề mới nhất trong lĩnh vực này."
108,"Môn học CS336 là môn Truy vấn thông tin đa phương tiện. Nội dung môn học tập trung vào việc truyền đạt kiến thức cơ bản và kỹ thuật tiên tiến được sử dụng trong các hệ thống tìm kiếm dựa trên văn bản, hình ảnh và video. Các vấn đề được giới thiệu bao gồm: phương pháp rút trích và biểu diễn đặc trưng, phương pháp ước lượng độ tương tự, kỹ thuật đánh chỉ mục, kết hợp đa đặc trưng trong tìm kiếm, kỹ thuật tìm kiếm trên cơ sở dữ liệu lớn."
109,"Môn học Tấn công mạng có mã môn học là NT205. Tóm tắt nội dung môn học như sau: Tóm tắt nội dung:- Kiến thức lý thuyết về những lỗ hổng bảo mật phổ biến tồn tại trong hệ thống mạng, hệ điều hành, ứng dụng.- Các phương pháp tấn công dựa vào các lỗ hổng đã phát hiện.- Các bước thực hiện tấn công chiếm quyền điều khiển hệ thống, thay đổi dữ liệu hay từ chối dịch vụ…- Xây dựng hệ thống phòng thủ ngăn chặn các cuộc tấn côngĐối với hệ Cử nhân tài năng:- Trình bày chuyên sâu hơn về các giao thức mạng và việc tận dụng các lỗ hổng trong giao thức để tấn công; cách thức tấn công trên webserver cấu hình mạnh; các phương pháp tấn công ứng dụng web; cách thức tấn công và phòng chống lại các cuộc tấn công mạng trong tương lai.- Bổ sung các bài tập nâng cao về việc sử dụng các công cụ crack password phức tạp và leo thang đặc quyền, xoá dấu vết, tấn công DDoS, cách thức điều khiển các zombie và xây dựng các mạng BotNet.- Sinh viên thực hiện seminar chuyên đề theo định hướng của chương trình tài năng, trong đó sinh viên được chọn đề tài, tự tìm tài liệu và thực hiện báo cáo theo yêu cầu của giảng viên."
110,"Môn Thiết kế giao diện người dùng (IE106) trang bị kiến thức nền tảng về các vấn đề sử dụng hệ thống tương tác, nguyên tắc thiết yếu của thiết kế giao diện người dùng, quy trình thiết kế giao diện, đánh giá thiết kế giao diện; đồng thời giới thiệu các kỹ thuật liên quan đến thực đơn, nhập liệu, hộp thoại, tài liệu người dùng, giao diện tìm kiếm, mối liên kết giữa giao diện người dùng và trực quan hóa dữ liệu. Môn học cũng cung cấp cái nhìn tổng quan về những công nghệ mới trong lĩnh vực thiết kế giao diện người dùng."
111,"Môn Anh văn 1 được định danh với mã môn học ENG01. Về nội dung, đây là môn học mở đầu trong chuỗi các học phần Anh văn bắt buộc trong chương trình đào tạo chính quy ở bậc đại học. Môn học cung cấp nền tảng kiến thức và kỹ năng dùng Anh ngữ trong môi trường công việc. Qua đó, sinh viên được kỳ vọng đạt trình độ Anh ngữ từ 30 đến dưới 42 điểm theo thang đánh giá toàn cầu GSE (The Global Scale of English), tương đương cấp độ tiền trung cấp (pre-intermediate A2-B1)."
112,"Môn học Có mã môn học MSIS4263 có tên gọi là Các ứng dụng trí tuệ nhân tạo và hỗ trợ ra quyết định. Tóm tắt nội dung môn học: Giới thiệu kỹ thuật và công cụ quản lý tri thức ứng dụng để hỗ trợ ra quyết định, hệ thống hỗ trợ ra quyết định, kỹ thuật khai thác dữ liệu."
113,"SE417, còn được gọi là Đồ án môn học mã nguồn mở, là một khóa học tập trung vào việc trang bị cho sinh viên các kiến thức thiết yếu về phát triển phần mềm mã nguồn mở. Môn học giúp sinh viên áp dụng lý thuyết đã học thông qua nghiên cứu sách báo, tài liệu và các phương tiện truyền thông. Kiến thức cốt lõi bao gồm công nghệ phần mềm, lập trình, cấu trúc dữ liệu, ngôn ngữ lập trình và các phương pháp phát triển phần mềm.

Ngoài ra, sinh viên sẽ khám phá các thuật toán, công nghệ, ngôn ngữ lập trình và ứng dụng phổ biến trong cộng đồng mã nguồn mở để ứng dụng vào đồ án của mình. Họ cũng tìm hiểu về các nguyên tắc và quy định chi phối việc xây dựng phần mềm mã nguồn mở và cách tham gia vào cộng đồng này.

Mục tiêu chính của môn học là giúp sinh viên nghiên cứu, xây dựng và triển khai các giải pháp phần mềm mã nguồn mở có ứng dụng thực tế, đóng góp cho sự phát triển của cộng đồng mã nguồn mở và cải thiện kỹ năng làm việc nhóm của sinh viên."
114,"Môn học Lập trình ứng dụng mạng, có mã môn học là NT109, bao gồm các nội dung chính: kiến thức nền tảng về ứng dụng web và mô hình phát triển ứng dụng; công nghệ J2EE; mô hình MVC và các thư viện phổ biến như Struts/Spring; và bảo mật ứng dụng mạng."
115,"SE400 là mã môn học của môn Seminar các vấn đề hiện đại của CNPM. Nội dung tóm tắt của môn học như sau: Trang bị cho người học cái nhìn bao quát về những vấn đề đương thời trong lĩnh vực phát triển phần mềm. Sau khi học xong, sinh viên có thể:
- Tìm hiểu vấn đề mới
- Viết báo cáo, trình bày vấn đề đã tìm hiểu"
116,"Trong môn Xử lý tín hiệu truyền thông (mã môn NT332), sinh viên sẽ được trang bị nền tảng về tín hiệu số và tín hiệu rời rạc. Họ sẽ khám phá quang phổ tín hiệu, quá trình chuyển đổi A/D và D/A. Môn học tập trung vào các thuật toán xử lý tín hiệu số như biến đổi Z và Fourier, đồng thời hướng dẫn sinh viên thiết kế bộ lọc số FIR và IIR. Sinh viên cũng sẽ nghiên cứu các kênh truyền thông và thiết kế hệ thống truyền thông số. Ngoài ra, môn học sẽ đề cập đến các ứng dụng xử lý tín hiệu trong viễn thông, truyền thông di động và truyền thông không dây. Cuối cùng, sinh viên sẽ được củng cố kiến thức thông qua bài tập thực hành trên phần mềm Matlab."
117,"Môn Control and Audit of Information Systems, hay còn được gọi là MSIS4243, là một khóa học cung cấp những quy trình xác thực, bảo quản và trích xuất các chứng cứ điện tử, bên cạnh đó còn hướng dẫn sinh viên giám sát và điều tra về những vụ xâm nhập vào hệ thống máy chủ và mạng, phân tích thông tin thu thập được, và chuẩn bị các bằng chứng xác thực đáp ứng được các yêu cầu. Khóa học cũng cung cấp các công cụ pháp lý và nguồn tài nguyên cần thiết cho các quản trị viên hệ thống, cũng như kiến thức về đạo đức, luật pháp, chính sách và các tiêu chuẩn liên quan đến bằng chứng số."
118,"Cử nhân ngành Kỹ thuật Máy tính (Áp dụng từ khóa 18 - 2023) Mục tiêu đào tạo Chương trình đào tạo cử nhân chính quy ngành Kỹ thuật Máy tính (sau đây gọi tắt là CTĐT ngành KTMT) được xây dựng với mục tiêu đào tạo nguồn nhân lực chất lượng cao, đạt trình độ khu vực và quốc tế trong lĩnh vực hệ thống nhúng và robot, vạn vật kết nối (Internet of Things - IoT), thiết kế vi mạch, thiết kế hệ thống trên chip, ứng dụng trí tuệ nhân tạo nhằm đáp ứng nhu cầu phát triển của ngành công nghiệp công nghệ thông tin - truyền thông và các ngành nghề liên quan trong cả nước."
119,"Cử nhân ngành Thiết kế Vi mạch (Áp dụng từ khóa 19 - 2024) Sinh viên tốt nghiệp CTĐT ngành TKVM đạt được các năng lực sau: Có thể nắm vững kiến thức nền tảng về khoa học tự nhiên, khoa học xã hội và hiểu khả năng vận dụng những kiến thức đó vào ngành TKVM và thực tiễn Có thể nắm vững kiến thức nền tảng và một số kiến thức chuyên sâu của ngành TKVM để ứng dụng vào thực tiễn"
120,"Môn học CE502 - Thực tập doanh nghiệp cung cấp cho sinh viên các kỹ năng để giải quyết các bài toán thực tế, tham gia nghiên cứu, thiết kế hoặc thực hiện các ứng dụng từ doanh nghiệp. Môn học này giúp phát triển kỹ năng giao tiếp, làm việc nhóm và thuyết trình trong môi trường thực tế tại các doanh nghiệp. Ngoài ra, nó cũng giúp sinh viên có thái độ tích cực trong ngành Kỹ thuật máy tính và định hướng khả năng phát triển chuyên môn trong tương lai."
121,"Môn học có tên là Tương tác người - Máy và mã môn học là CE406. Tóm tắt nội dung môn học như sau: ▪ Cung cấp định nghĩa về HCI, các đối tượng tham gia giao tiếp và các vấn đề liên quan. ▪ Giới thiệu các kỹ thuật giao tiếp truyền thống như giao tiếp dòng lệnh, menu, văn bản, các kỹ thuật hiện đại, giao tiếp đồ họa GUI, giao tiếp trực tiếp WIMP. ▪ Trình bày chuẩn và mô hình được sử dụng trong thiết kế và các phương pháp thiết kế. ▪ Giới thiệu các kỹ thuật đánh giá giao tiếp người dùng được sử dụng trong quá trình thiết kế và đánh giá sản phẩm."
122,"Môn Hệ điều hành có mã môn IT007, bao gồm 8 chương với nội dung về các khái niệm, nguyên tắc hoạt động cơ bản của hệ điều hành, trình bày từ cơ bản đến nâng cao. Nội dung cụ thể bao gồm: tổng quan về hệ điều hành, cấu trúc hệ điều hành, quản lý tiến trình, định thời CPU, đồng bộ hóa tiến trình, bế tắc, quản lý bộ nhớ và bộ nhớ ảo. Sau mỗi phần lý thuyết, sinh viên sẽ được thực hành trong phòng thí nghiệm để củng cố kiến thức và hiểu rõ hơn về các khái niệm, giải thuật đã học."
123,"Môn Quản trị doanh nghiệp (mã môn EC002) trang bị cho sinh viên nền tảng lý thuyết về quản trị học, đồng thời bao quát các hoạt động cốt lõi của doanh nghiệp như quản lý tài chính, kinh doanh, nhân sự, sản xuất và chuỗi cung ứng."
124,"**Đoạn văn đã viết lại:**

Môn Giải tích II, có mã là MATH2153, tập trung vào việc cung cấp kiến thức về các dạng tích phân bội khác nhau, bao gồm tích phân 2 lớp, tích phân 2 lớp theo hệ tọa độ cực, tích phân 3 lớp, tích phân 3 lớp theo hệ tọa độ trụ và cầu; tích phân đường và tích phân mặt, cũng như các ứng dụng của chúng trong trường vectơ. Ngoài ra, môn học này còn bao quát các chủ đề cơ bản như tích phân xác định với các ứng dụng liên quan đến tính diện tích, thể tích và công; lý thuyết về dãy số và chuỗi vô hạn; vectơ và hình học giải tích trong không gian hai và ba chiều; hệ tọa độ cực, phương trình tham số và các ứng dụng của chúng."
125,"Môn học CS3373 là môn Lập trình hướng đối tượng nâng cao dành cho môi trường windows. Nội dung môn học tập trung vào việc áp dụng mô hình tính toán hướng đối tượng vào thiết kế và phát triển phần mềm trên môi trường windows. Môn học cũng tập trung vào việc sử dụng hiệu quả giao diện GUI, internet, các nguyên lý trao đổi dữ liệu và các chủ đề liên quan."
126,"Môn học ""Nhập môn ứng dụng di động"" có mã học phần là SE114. Tập trung vào nền tảng của hệ thống nhúng, phần mềm nhúng, cùng với các công cụ và môi trường để phát triển ứng dụng trên hệ thống nhúng và mạch số. Mục đích chính của môn học là trang bị cho sinh viên kiến thức thiết kế phần mềm cho các ứng dụng nhúng trên bộ vi xử lý đơn dựa trên các bộ vi điều khiển chuẩn nhỏ. Ngoài ra, môn học còn giúp sinh viên nâng cao khả năng thực hiện thiết kế ứng dụng nhúng bằng ngôn ngữ lập trình bậc cao."
127,"Đối tượng môn học Phân tích thiết kế hệ thống truyền thông và mạng với mã môn học là NT201, tóm tắt nội dung cơ bản như sau: Chương trình học được phân định theo hai phần chính:

- Phần một, mở đầu từ chương 1 đến chương 6, làm sáng tỏ về phân tích hệ thống gồm các khái niệm cốt lõi, cấu trúc hệ thống, nhiệm vụ của hệ thống, các bước phát triển và trạng thái hoạt động của hệ thống.

- Phần hai, bao hàm từ chương 7 đến chương 12, chuyên sâu về thiết kế và triển khai hệ thống, bao gồm: lộ trình phát triển hệ thống, thông số kỹ thuật của hệ thống, những vấn đề nảy sinh trong quá trình thực hiện, phân tích các hỗ trợ phục vụ cho ra quyết định, thủ tục kiểm tra và xác nhận."
128,"Môn học Đồ họa máy tính hay còn được biết với mã CS4143, là một chuyên ngành bao phủ các chủ đề sau: lập trình đồ họa tương tác, cấu trúc phần cứng đồ họa, phép biến đổi hình học, tổ chức dữ liệu đồ thị, tổng quan về 3D, biểu diễn hình ảnh 3D, thuật toán xử lý bề mặt và vật ẩn, cùng với các phương pháp tô bóng."
129,"Môn học Thực tập tốt nghiệp, hay còn được biết với mã môn SE501, là một phần quan trọng trong chương trình đào tạo. Mục tiêu của môn học này là đưa sinh viên ra môi trường thực tiễn, nơi họ sẽ làm quen với thế giới việc làm của một chuyên gia CNTT. Thông qua việc thực tập tại các công ty về phần mềm, đơn vị CNTT, cơ quan nhà nước và trường học, sinh viên sẽ được tiếp cận với các công việc, nhiệm vụ thực tế cũng như trau dồi kinh nghiệm giải quyết các vấn đề chuyên môn thường gặp trong lĩnh vực mà họ theo đuổi."
130,"Cử nhân ngành Trí tuệ Nhân tạo (Áp dụng từ khóa 18 - 2023)  Mục tiêu chung: Chương trình đào tạo ngành Trí tuệ nhân tạo hướng đến mục tiêu đào tạo nguồn nhân lực chất lượng cao đạt trình độ khu vực và quốc tế về Trí tuệ nhân tạo. Chương trình trang bị cho người học nền tảng kiến thức vững vàng kết hợp cùng kiến thức chuyên sâu cập nhật, hiện đại về Trí tuệ nhân tạo. Người học hiểu và có khả năng làm chủ, vận dụng sáng tạo các thành tựu tiên tiến của ngành; có kỹ năng cần thiết và thái độ chuẩn mực trong phát triển nghề nghiệp."
131,"Môn Lập trình ứng dụng Web (mã NT208) cung cấp toàn cảnh về phát triển ứng dụng Web trên nền tảng mã nguồn mở, bao gồm:
- Kỹ thuật xây dựng giao diện ứng dụng (client-side) và xử lý dữ liệu phía máy chủ (server-side)
- Tạo ứng dụng Web bằng các framework mã nguồn mở
- Kiến thức nền tảng về dịch vụ Web và phát triển ứng dụng sử dụng dịch vụ Web
- Các nguyên lý về truy vấn bất đồng bộ và công nghệ Ajax
- Tổng quan về RSS và các kỹ thuật liên quan"
132,"Môn học CS113 về Đồ họa máy tính và Xử lý ảnh cung cấp kiến thức về hiển thị hình ảnh trên máy tính, bao gồm quy trình hiển thị, thuật toán vẽ hình cơ bản, mô hình hóa đối tượng 3D, phép biến đổi, kỹ thuật xén hình, kỹ thuật dựng hình, phối cảnh, chiếu sáng, animation cơ bản, phép biến đổi trên ảnh và phương pháp xử lý ảnh."
133,"Môn học Phát triển ứng dụng web (MSIS207) trang bị cho sinh viên nền tảng lập trình web với ngôn ngữ lập trình PHP mã nguồn mở; kỹ thuật lập trình Ajax kết hợp PHP; và các khung hỗ trợ triển khai ứng dụng web bằng PHP. Sinh viên được hướng dẫn thiết kế, triển khai, vận hành và bảo trì ứng dụng web bằng PHP trong các tình huống thực tế."
134,"Môn Cấu trúc dữ liệu và giải thuật nâng cao (CS523) cung cấp kiến thức về các phương pháp tổ chức và xử lý cơ bản trên các cấu trúc dữ liệu phức tạp, xây dựng dựa trên các cấu trúc dữ liệu nền tảng. Các giải thuật được tích hợp với cấu trúc dữ liệu để tạo nên các chương trình máy tính. Môn học sử dụng các ngôn ngữ lập trình bậc cao như C/C++ hoặc Python để thực hành."
135,"Môn học Hệ thống Tính toán Phân bố (mã môn NT533) cung cấp kiến thức toàn diện về các hệ thống tính toán phân tán. Nội dung môn học bao gồm các chủ đề cốt lõi như: khái niệm và kỹ thuật thiết kế hệ thống tính toán phân tán, thông tin liên lạc giữa các tiến trình, gọi thủ tục từ xa, hệ thống tập tin phân tán, kiểm soát đồng thời. Ngoài ra, môn học giới thiệu các hướng nghiên cứu mới trong lĩnh vực tính toán hiệu năng cao, bao gồm điện toán đám mây, điện toán lưới, cụm máy tính. Cuối cùng, môn học thảo luận về các loại hệ thống phân tán phổ biến như đám mây điện toán, điện toán lưới, hệ thống lưu trữ, mạng ngang hàng và các dịch vụ web."
136,"Khóa học An toàn mạng không dây và di động (mã môn NT330) trình bày những khái niệm cơ bản về đánh giá và bảo mật, cũng như giải quyết các vấn đề liên quan. Khóa học tập trung vào các giải pháp bảo vệ công nghệ không dây và thiết bị di động như Bluetooth, WiFi, WiMax, 2G và 3G. Ngoài ra, khóa học sẽ thảo luận về các kỹ thuật bảo mật trong các ứng dụng tải xuống trên thiết bị di động thông qua hệ thống mạng di động. Cuối cùng, khóa học sẽ đề cập đến các vấn đề bảo mật và các giải pháp an toàn cho các công nghệ không dây và di động tiên tiến như mạng cảm biến, di động 4G và mạng IMS."
137,"Môn học có mã Kỹ năng giao tiếp là SPCH2713, tập trung vào việc hoàn thiện các kỹ năng thiết yếu trong môi trường làm việc. Nó cung cấp nền tảng lý thuyết và thực hành về lập kế hoạch, chuẩn bị, trình bày, báo cáo, đề xuất và hợp tác, giúp sinh viên phát triển năng lực giao tiếp hiệu quả trong các ngữ cảnh nghề nghiệp khác nhau."
138,"Môn IE105, còn được gọi là Nhập môn bảo đảm và an ninh thông tin, cung cấp các kiến thức cơ bản toàn diện về bảo đảm và an ninh thông tin. Nội dung của môn học bao gồm các nguyên tắc an ninh mạng nền tảng, phương pháp bảo vệ mạng máy tính và xây dựng hệ thống tổ chức an toàn, kiểm soát quyền truy cập, ngăn chặn tấn công hệ thống và đối phó với các cuộc tấn công botnet. Môn học cũng đề cập đến các vấn đề bảo vệ hệ thống mạng khỏi phần mềm độc hại, an ninh mạng trên các hệ điều hành Windows, Unix/Linux, bảo mật mạng truyền dẫn và các loại mạng như LAN, mạng không dây và mạng di động."
139,"Môn Tiếng Anh chuyên ngành CNTT, được mã hóa là SPCH3723, tập trung vào việc cung cấp nền tảng từ vựng và khái niệm chuyên ngành máy tính. Mục tiêu của môn học là tạo điều kiện cho sinh viên tiếp thu kiến thức chuyên môn một cách hiệu quả thông qua các tài liệu chuyên ngành, đồng thời trau dồi kỹ năng trình bày báo cáo khoa học."
140,"Cử nhân ngành An toàn Thông tin (Áp dụng từ khóa 18 - 2023) Sinh viên tốt nghiệp ngành An toàn thông tin nắm vững kiến thức cơ bản và chuyên sâu về đảm bảo an toàn thông tin cho các hệ thống thông tin, hạ tầng mạng, đáp ứng yêu cầu về nghiên cứu, ứng dụng, có khả năng áp dụng các kiến thức bảo mật vào thiết kế, cài đặt, đánh giá, vận hành hệ thống thông tin. Ngoài ra, chương trình đào tạo cũng tập trung trang bị cho người học các kỹ năng và thái độ đảm bảo sinh viên tốt nghiệp có khả năng làm việc nhóm, phẩm chất chính trị tốt, ý thức tổ chức kỷ luật và có đạo đức nghề nghiệp."
141,"Môn học CE435 - Chuyên đề thiết kế hệ vi mạch 2, nhằm mục tiêu kết hợp với doanh nghiệp trong việc đào tạo công nghệ mới để đáp ứng yêu cầu của thị trường lao động. Nội dung môn học sẽ được ban hành cụ thể theo từng học kỳ đào tạo và có định dạng giống theo đề cương môn học này. Nội dung chính dự kiến bao gồm: giới thiệu và cập nhật các công nghệ vi mạch hiện đại, giới thiệu công nghệ thiết kế, hiện thực và kiểm tra một lõi IP hoặc một IC theo định hướng VLSI. Sinh viên cần hiện thực một lõi IP hoặc một IC ứng dụng công nghệ mới để nắm bắt qui trình thiết kế, hiện thực và kiểm tra vi mạch thiết kế như tại doanh nghiệp."
142,Môn Cấu trúc dữ liệu và giải thuật (IT003) giới thiệu vai trò quan trọng của giải thuật và tổ chức dữ liệu - những thành tố cơ bản trong mọi chương trình. Sinh viên sẽ khám phá và vận dụng các giải thuật và cấu trúc dữ liệu thường dùng để giải quyết các vấn đề trong lĩnh vực khoa học máy tính. Môn học này củng cố và nâng cao kỹ năng lập trình đã học ở các khóa trước.
143,Cử nhân ngành Công nghệ Thông tin (Áp dụng từ Khoá 18 - 2023) cử nhân văn bằng đại học thứ 2. Hình thức đào tạo: Chính quy tập trung. Số tín chỉ đào tạo: Tối thiểu 74 tín chỉ (bao gồm cả ngoại ngữ). Thời gian đào tạo: 2.5 năm (5 học kỳ chính).
144,"Môn CS431 có tên gọi đầy đủ là ""Các kĩ thuật học sâu và ứng dụng"". Môn học này giới thiệu những kiến thức nền tảng về học máy, đồng thời tập trung vào các phương pháp học máy hiện đại như học sâu (Deep Learning). Thông qua môn học, sinh viên sẽ được trang bị kiến thức để triển khai thuật toán huấn luyện Gradient Descent và sử dụng nó để huấn luyện mạng nơ-ron (Neural Network - NN), hiểu về cấu trúc mạng nơ-ron tích chập (Convolutional Neural Network - CNN) trong bài toán phân loại đối tượng, kỹ thuật huấn luyện lại mạng CNN cho dữ liệu mới và các ứng dụng của mạng CNN trong các bài toán như nhận dạng khuôn mặt, phát hiện đối tượng và truy vấn đối tượng."
145,"Môn Tổ chức và Cấu trúc Máy tính II (mã IT012) cung cấp những hiểu biết cơ bản về kiến trúc máy tính, bao gồm:

- Biến đổi lịch sử và công nghệ trong sự phát triển của máy tính
- Hoạt động và nguyên lý đằng sau các thành phần máy tính
- Cách dữ liệu được biểu diễn và xử lý trong máy tính
- Phân tích mạch số cơ bản
- Kiến trúc tập lệnh, lập trình ngôn ngữ máy
- Các nguyên tắc hoạt động của bộ xử lý"
146,"Môn học CS105 là môn học về Đồ họa máy tính. Nội dung môn học tập trung vào các kiến thức căn bản về đồ hoạ 2D và 3D, bao gồm vẽ hình, biến đổi, phép chiếu và hiển thị hình ảnh trên máy tính."
147,"Môn Phát triển ứng dụng VR với mã số SE352 cung cấp cho sinh viên những kiến thức chuyên sâu về công nghệ Virtual Reality (VR) và hướng dẫn cách xây dựng ứng dụng VR dựa trên nền tảng Unity 3D. Thông qua việc học lập trình phần mềm VR, sinh viên có khả năng phát triển nhiều loại ứng dụng VR như trò chơi, mô hình kiến trúc, môi trường thực tế ảo giả lập."
148,"Môn học CS313 là môn học về Khai thác dữ liệu và ứng dụng. Nội dung môn học tập trung vào việc cung cấp kiến thức và kỹ thuật khai thác dữ liệu để tìm ra tri thức quý báu từ các kho dữ liệu. Mối quan hệ giữa việc rút trích tri thức và quyết định, hoạch định chính sách sẽ được thảo luận thông qua nhiều ứng dụng thực tế. Trong môn học này, sinh viên sẽ được tìm hiểu về vai trò của khai thác dữ liệu, quá trình chuẩn bị dữ liệu, dự đoán/mô tả dữ liệu và các ứng dụng đi kèm, cùng với các vấn đề đang được quan tâm và giải quyết."
149,"Phần học Khoa học phương pháp quản lý có mã khóa học là MSIS3233. Tóm tắt nội dung khóa học: Khóa học này đề cập đến việc đưa ra quyết định trong bối cảnh quản lý, kết hợp một số phương án tiếp cận có hệ thống để đưa ra quyết định trong những vấn đề mà các nhà quản lý thường gặp. Trong thế giới hiện đại, sự mách bảo khi ra quyết định có thể dẫn ta đến những chỉ dẫn không an toàn. Điểm nổi bật của khoa học quản lý là xây dựng một mô hình cụ thể, đơn giản hóa các khía cạnh liên quan của tiến trình ra quyết định, các mô hình như vậy thường dựa trên các phương pháp toán học định lượng."
150,"Môn học ""Ứng dụng của xử lý ngôn ngữ tự nhiên"" với mã CS524, tập trung vào các vấn đề thực tế trong xử lý văn bản và giải quyết bằng các mô hình và ứng dụng phù hợp. Trong môn học này, sinh viên vận dụng kiến thức về xử lý ngôn ngữ tự nhiên để tìm giải pháp cho từng vấn đề. Ở giai đoạn sau, sinh viên thiết kế mô hình, xây dựng ứng dụng, có thể tận dụng thư viện phần mềm xử lý ngôn ngữ tự nhiên hoặc phát triển phần mềm hoàn chỉnh để xử lý vấn đề đã chọn."
151,"Môn Đánh giá hiệu năng hệ thống mạng máy tính (mã môn NT531) cung cấp kiến thức toàn diện về đánh giá hiệu suất mạng. Nội dung chính bao gồm các mô hình đánh giá, đặc điểm của các kiến trúc mạng, phương pháp đo và khái niệm liên quan. Các công cụ hỗ trợ đánh giá hiệu suất cũng sẽ được giới thiệu. Môn học tập trung vào các kỹ thuật mô hình hóa phân tích nhằm dự đoán và xác nhận các tiêu chí thiết kế hệ thống máy tính và mạng. Các chủ đề chính bao gồm: ứng dụng mô hình hóa hiệu suất, mô hình hóa phân tích và mô phỏng, quá trình ngẫu nhiên, lý thuyết hàng cơ bản trong hệ thống máy tính và mạng, cũng như phương pháp giải quyết các mô hình phân tích hiệu suất."
152,"Môn học CE434 - Chuyên đề thiết kế hệ vi mạch 1, nhằm mục tiêu kết hợp với Doanh nghiệp trong việc đào tạo công nghệ mới để đáp ứng yêu cầu của thị trường lao động. Nội dung chi tiết của môn học sẽ được ban hành tùy theo từng học kỳ đào tạo và có định dạng giống theo đề cương môn học này. Nội dung chính dự kiến bao gồm: giới thiệu các giai đoạn để thiết kế một lõi IP hoặc một chip xử lý theo hướng FPGA hoặc ASIC, cung cấp ví dụ thiết kế cụ thể và trình bày cách tiến hành từng giai đoạn thiết kế, sử dụng phần mềm chuyên dụng để hiện thực thiết kế trong từng giai đoạn nhằm giúp sinh viên có cái nhìn thực tế về qui trình thiết kế trong một công ty."
153,"Môn học Đại số tuyến tính có mã MA003, là môn học nền tảng bắt buộc cho tất cả sinh viên. Nội dung môn học trang bị cho sinh viên các khái niệm và kỹ thuật liên quan đến:
- Ma trận, hạng, định thức
- Hệ phương trình tuyến tính và các phương pháp giải như Cramer, Gauss, Gauss-Jordan
- Không gian vectơ, phụ thuộc, độc lập tuyến tính, tập sinh, cơ sở, chiều không gian
- Ma trận chéo hóa và ý nghĩa của nó
- Ánh xạ tuyến tính, toán tử tuyến tính
- Dạng toàn phương và phép đưa dạng toàn phương về dạng chính tắc
- Từ đó, sinh viên có thể tiếp tục học các môn chuyên ngành hoặc phục vụ quá trình làm khóa luận tốt nghiệp."
154,"Môn IT008 có tên đầy đủ là Lập trình trực quan, cung cấp kiến thức và kỹ thuật lập trình bằng giao diện trực quan trên hệ điều hành Windows. Nội dung học tập bao gồm những phương pháp và quy trình tạo ứng dụng Windows, xử lý tin nhắn, sử dụng giao diện điều khiển, quản lý bộ nhớ, liên kết thư viện động và lập trình đa nhiệm."
155,"Môn học Hệ thống nhúng mạng không dây là môn với mã học phần NT131. Nội dung chính của môn học gồm kiến thức tổng quát và cơ sở về hệ thống nhúng và mạng không dây. Ngoài ra, môn học cũng đi sâu vào trình bày cấu trúc của các thiết bị nhúng đầu cuối kết nối mạng không dây trên nền tảng hệ điều hành mã nguồn mở như Linux OS, TinyOS, ContikiOS."
156,"Môn Tiếng Nhật 4 được mã hóa là JAN04, cung cấp cho sinh viên trình độ tiếng Nhật sơ cấp 4 (tương đương N4) bao gồm các kỹ năng nghe, nói, đọc, viết. Mục tiêu chính của môn học là nâng cao khả năng giao tiếp của học viên."
157,"Môn học NT212 cung cấp tổng quan về lý thuyết An toàn dữ liệu và Khôi phục thông tin sau sự cố, bao gồm các chủ đề cốt lõi sau:

- Quy trình, phương pháp lập kế hoạch ứng phó sự cố cấp doanh nghiệp và các nguyên tắc xử lý.
- Các kỹ thuật khắc phục sự cố, đánh giá mức độ thiệt hại và bảo vệ dữ liệu quan trọng.
- Nguyên tắc triển khai kế hoạch khắc phục sự cố, kiểm tra liên quan, quản lý thông tin trong quá trình khôi phục và đánh giá hiệu quả khôi phục.

Đối với chương trình cử nhân tài năng, nội dung học tập sẽ sâu hơn, bao gồm:

- Đánh giá rủi ro do sự cố liên quan đến dữ liệu đối với hoạt động của tổ chức, các biện pháp phòng ngừa và phục hồi.
- Các bài tập thực hành nâng cao về kỹ thuật sao lưu dữ liệu, công cụ phục hồi và thiết lập quy trình quản lý dữ liệu tối ưu hóa rủi ro.
- Sinh viên sẽ hoàn thành một dự án nghiên cứu chuyên sâu, tự nghiên cứu tài liệu và trình bày kết quả theo yêu cầu của giảng viên."
158,"Môn SE340 có tên gọi là Quản lý dự án công nghệ thông tin, trang bị cho sinh viên công nghệ thông tin chuyên ngành những kiến thức nền tảng trong một học kỳ để có thể triển khai, hoạch định và tổ chức công việc của người quản lý dự án dựa trên yêu cầu quản trị kỹ thuật. Nội dung môn học gồm: Chương 1 trình bày tổng quan về quản lý dự án, khung làm việc, định hướng phát triển hiện tại và tương lai. Chương 2 giới thiệu về quản trị phạm vi dự án, phương pháp chọn lựa dự án và mô tả tài liệu dự án trong giai đoạn khởi đầu. Chương 3 đào sâu về quản trị thời gian, kỹ thuật triển khai lập kế hoạch và ước lượng thực hiện dự án. Chương 4 tập trung vào chi phí dự án, kỹ thuật ước lượng và phân bổ ngân sách. Các chương tiếp theo sẽ cung cấp kiến thức và bước hỗ trợ nâng cao trong việc tổ chức nhân sự, đảm bảo chất lượng, kiểm soát rủi ro, triển khai mua sắm và tích hợp dự án."
159,"Môn học NT334 có tiêu đề Pháp chứng kỹ thuật số, nội dung bao gồm: Giới thiệu tổng quan về pháp chứng kỹ thuật số; Các kỹ thuật thu thập lưu lượng mạng và bằng chứng khác; Các cách giải mã Header TCP sử dụng Snort, NetFlow, SilentRunner NetWitness và AccessData để điều tra pháp chứng kỹ thuật số trên máy tính; Ứng dụng pháp chứng kỹ thuật số vào kế hoạch xử lý sự cố; Pháp chứng Internet, pháp chứng điện toán đám mây và mối liên quan của chúng; Kỹ năng điều tra pháp chứng mạng và pháp chứng mạng theo chu kỳ"
160,Cử nhân ngành Công nghệ Thông tin (Áp dụng từ Khoá 18 - 2023) ngành công nghệ thông tin. Hình thức đào tạo: Chính quy tập trung. Số tín chỉ đào tạo: Tối thiểu 125 tín chỉ (bao gồm cả ngoại ngữ). Thời gian đào tạo: 04 năm (8 học kỳ chính).
161,"Môn Hệ điều hành có ký hiệu CS4323, nội dung môn học gồm: kích hoạt tiến trình, khóa bối cảnh tiến trình, xử lý theo lô, chia thời gian hệ điều hành, xử lý nhiều chương trình, quản lý tiến trình, quản lý bộ nhớ, đồng bộ hóa, ngăn ngừa, xử lý và phá vỡ bế tắc."
162,"Môn học Chuyên đề thiết kế hệ thống nhúng 1 có mã môn học là CE437. Tóm tắt nội dung môn học như sau: Nội dung chi tiết của môn học này sẽ được ban hành theo nhu cầu của thị trường lao động, tuy nhiên, nội dung chính có thể bao gồm▪ Giới thiệu toàn bộ các giai đoạn để thiết kế và thực hiện một hệ thống nhúng trên cả phần cứng và phần mềm.▪ Cung cấp một ví dụ cụ thể về thiết kế, trình bày cách tiến hành từng giai đoạn thiết kế▪ Sử dụng các công cụ hoặc phần mềm chuyên dụng để thực hiện thiết kế trong từng giai đoạn đã đề cập -> giúp sinh viên hiểu rõ quy trình thiết kế, cài đặt và thực hiện một hệ thống nhúng như thế nào trong một công ty."
163,"Môn học CS116 về Lập trình Python cho Máy học cung cấp kiến thức và kỹ năng lập trình bằng ngôn ngữ Python, sử dụng các công cụ, thư viện và nền tảng tính toán hiện đại dựa trên Python để phát triển và áp dụng hiệu quả các phương pháp máy học."
164,"Môn Các hệ thống mô phỏng trên máy tính được mã hóa thành MSIS4443. Nói một cách cô đọng, môn học này tập trung vào việc mô phỏng các hệ thống dựa trên các sự kiện cụ thể. Các hệ thống thường được đưa vào mô phỏng bao gồm hệ thống lưu trữ, hệ thống quản lý tài chính, hệ thống giao tiếp dữ liệu, các bài toán về hệ thống thông tin hoặc tình trạng xếp hàng. Sinh viên cần thu thập và ước lượng dữ liệu liên quan, từ đó nhận ra việc mô phỏng là một công cụ hữu ích trong cả khoa học quản lý lẫn các hệ thống thông tin."
165,Môn học CS406 là môn học về Xử lý ảnh và ứng dụng. Nội dung môn học tập trung vào việc cung cấp kiến thức cơ bản về xử lý ảnh và kỹ thuật xây dựng hệ thống thông tin dựa trên ảnh cho sinh viên.
166,Cử nhân ngành Kỹ thuật Phần mềm (Áp dụng từ khóa 18 - 2023) Hình thức đào tạo: Chính quy tập trung. Số tín chỉ đào tạo: 130. Thời gian đào tạo: 4 năm (8 học kỳ chính);
167,"Môn học CE201, còn được gọi là Đồ án 1, cung cấp cho sinh viên các kỹ năng thiết kế mạch điện-điện tử và vi mạch cơ bản, cũng như phát triển phần mềm nhúng và phần mềm vi mạch trên các mạch do sinh viên thiết kế."
168,Môn học CS2433 là môn học Lập trình C/C++. Nội dung môn học tóm tắt như sau: Khóa học này giới thiệu các khái niệm lập trình cơ bản bằng ngôn ngữ lập trình C++. Lớp I/O chuẩn được nhấn mạnh. Các kỹ thuật lập trình có cấu trúc và hướng đối tượng được giới thiệu và sử dụng để thiết kế và triển khai một loạt các vấn đề lập trình.
169,"Môn học Tối ưu hóa công cụ tìm kiếm (IE204) tập trung vào việc cải thiện vị trí của website trên kết quả tìm kiếm của các công cụ như Google, Bing... Đây là một nhánh của tiếp thị kỹ thuật số bao gồm các kỹ thuật sau: tối ưu hóa trang web (tác động đến mã HTML, cấu trúc, bố cục và nội dung), xây dựng liên kết nội bộ (Internal links) và xây dựng liên kết từ các trang uy tín bên ngoài (Inbound links) để giúp các công cụ tìm kiếm xác định website phù hợp nhất với từ khóa mà người dùng đang tìm kiếm."
170,"Môn IS217: Môn học Kho dữ liệu và OLAP tập trung vào kiến thức nền tảng và nâng cao về kho dữ liệu, các kỹ thuật phân tích và thiết kế kho dữ liệu, mô hình dữ liệu đa chiều và ngôn ngữ truy vấn cơ sở dữ liệu đa chiều, phục vụ cho việc xây dựng các ứng dụng thực tế trong doanh nghiệp. Ngoài ra, môn học còn trang bị cho sinh viên các kỹ năng thiết kế và mô phỏng cơ sở dữ liệu dạng khối, phân tích dữ liệu đa chiều, khai phá dữ liệu, trích xuất, chuyển đổi và tải dữ liệu vào kho, sử dụng thành thạo các công cụ trí tuệ kinh doanh (BI) và ngôn ngữ truy vấn dữ liệu đa chiều."
171,"Môn học ""Giới thiệu ngành Mạng máy tính và Truyền thông dữ liệu"" (mã môn NT005) cung cấp cái nhìn tổng quan về ngành Công nghệ thông tin (CNTT), bao gồm cả những chuyên ngành chuyên sâu. Môn học giúp sinh viên hiểu rõ nội dung đào tạo và triển vọng nghề nghiệp trong ngành, nắm được các lĩnh vực và công việc có thể đảm nhiệm sau khi tốt nghiệp."
172,"Môn Bảo mật Internet (mã môn: NT405) tập trung vào các chủ đề sau:

- Tổng quát về bảo mật Internet
- Động cơ tấn công mạng của tin tặc
- Thăm dò, quét mạng và liệt kê lỗ hổng bảo mật
- Các hình thức tấn công mạng thường gặp
- Phần mềm gây hại phổ biến và cách phòng tránh (virus, sâu, trojan, backdoor, rootkit)
- Nghe lén giao tiếp mạng
- Kỹ thuật lừa đảo và phòng chống
- Các cuộc tấn công nhằm vào dịch vụ mạng
- Tường lửa và hệ thống phát hiện xâm nhập
- Các phương pháp kiểm tra bảo mật hệ thống và đối phó với tấn công mạng"
173,Môn học CE336 là môn học Tự động hóa thiết kế vi mạch. Nội dung môn học được tóm tắt như sau: 6875yu9cvxbvcxb
174,"Môn An toàn mạng máy tính có mã NT101, chuyên sâu vào các chủ đề sau:

- Những nguyên tắc cơ bản về bảo mật mạng máy tính
- Thiết lập một tổ chức an toàn, quản lý quyền truy cập và kiểm soát truy cập
- Các biện pháp ngăn chặn tấn công hệ thống, bảo vệ khỏi các cuộc tấn công botnet
- Các vấn đề bảo mật mạng liên quan đến phần mềm độc hại
- Bảo mật mạng Windows và Unix/Linux
- Bảo mật mạng truyền dẫn, LAN, mạng không dây và mạng di động"
175,"Môn học CS314 về Lập trình symbolic trong Trí tuệ nhân tạo giới thiệu về lập trình tính toán hình thức bằng ngôn ngữ Maple, giới thiệu về các lệnh thường dùng và các kiểu cấu trúc dữ liệu trong Maple, và ứng dụng lập trình tính toán trong thiết kế thuật giải heuristic và mạng tính toán trong Trí tuệ nhân tạo."
176,"Môn học Trình biên dịch có mã môn học là CE318. Tóm tắt nội dung môn học như sau: Môn học Trình biên dịch bao gồm việc nghiên cứu về nguyên tắc hoạt động của trình biên dịch, các kỹ thuật được sử dụng để thiết kế một trình biên dịch và các công cụ như Lex, Yacc để giúp việc cài đặt một trình biên dịch trở nên thuận tiện."
177,"Môn học Nhập môn Công nghệ phần mềm, được ký hiệu là CS4273, cung cấp kiến thức cốt lõi về quá trình phát triển phần mềm. Nội dung môn học bao gồm: giới thiệu đặc điểm của vòng đời phần mềm; các kỹ thuật, công cụ, phương pháp phát triển và bảo trì hệ thống phần mềm quy mô lớn; những mô hình và công cụ đánh giá; yếu tố con người và quá trình kiểm thử hệ thống."
178,"Môn ""Đồ án Khoa học dữ liệu và ứng dụng 2"" (mã DS203) là một môn học được triển khai trong học kỳ chính thức. Mục đích của môn học là cung cấp cho sinh viên những nền tảng ban đầu để bắt tay vào thực hiện các dự án khoa học dữ liệu và nâng cao ứng dụng của chúng. Trong quá trình học, sinh viên sẽ được trang bị các kỹ năng: phân tích và giải quyết vấn đề, thiết kế, phân tích, so sánh và đánh giá trên nhiều nguồn dữ liệu khác nhau sử dụng nhiều phương pháp khác nhau, giao tiếp, làm việc nhóm, viết và thuyết trình."
179,"- **Môn học NT534 An toàn mạng máy tính nâng cao**

- **Mô tả môn học:**

- Môn An toàn mạng máy tính nâng cao mở rộng kiến thức từ môn An toàn mạng máy tính, tập trung vào các chủ đề chuyên sâu hơn.

- Môn học cung cấp các kỹ thuật phòng vệ và ứng phó nâng cao chống lại các cuộc tấn công mạng phức tạp, chẳng hạn như tấn công từ chối dịch vụ (DoS) và hoạt động trên Internet ngầm (darknet).

- Môn học cũng thảo luận về các giải pháp kỹ thuật để ngăn chặn và quản lý truy cập mạng, cũng như nguy cơ từ các loại phần mềm độc hại tinh vi.

- Cuối cùng, môn học giới thiệu các kỹ thuật honeypot ở phía máy khách và máy chủ để nghiên cứu và thu thập phần mềm độc hại."
180,"Môn học CE436 có tên đầy đủ là Xử lý tín hiệu số và ứng dụng. Nội dung môn học tập trung vào việc cung cấp kiến thức về các khái niệm và kỹ thuật xử lý tín hiệu hiện đại, từ các ứng dụng quân sự chuyên môn hóa cao đến các ứng dụng công nghiệp điện tử tiêu dùng. Môn học này sẽ giúp sinh viên hiểu rõ hơn về các khái niệm sau: Tín hiệu và hệ thống rời rạc theo thời gian, biểu diễn hệ thống bằng phương trình vi phân, và phân tích hệ thống sử dụng biến đổi Fourier và biến đổi Z. Ngoài ra, sinh viên cũng sẽ được hướng dẫn về lý thuyết lấy mẫu tín hiệu liên tục theo thời gian và phân tích các hệ thống tuyến tính bất biến theo thời gian. Môn học cũng sẽ giới thiệu về biến đổi Fourier rời rạc (DFT) và thuật toán FFT để tính nhanh DFT, cùng với các phương pháp phân tích phổ tín hiệu rời rạc theo thời gian. Sinh viên cũng sẽ được học về các phương pháp chính để thiết kế các bộ lọc FIR và IIR. Cuối cùng, môn học cũng sẽ giới thiệu về ứng dụng thiết kế các mạch xử lý tín hiệu, thiết kế các thuật toán xử lý tín hiệu trên hệ thống SoC, hệ thống nhúng hoặc hệ thống mô phỏng Matlab. Sinh viên có thể chọn đồ án môn học ứng dụng theo chuyên ngành mong muốn, ví dụ như thiết kế vi mạch hoặc thiết kế hệ thống nhúng."
181,"Môn Tiếng Nhật dành cho công sở với mã môn JAN08 trang bị cho học viên kiến thức về ngôn ngữ giao tiếp trong môi trường làm việc văn phòng, cùng những chuẩn mực ứng xử phù hợp với ngữ cảnh công sở."
182,"Môn học ""Các phương pháp lập trình"" với mã là SE334 cung cấp kiến thức toàn diện về các kiến trúc, nền tảng, phương pháp và kỹ thuật lập trình được sử dụng phổ biến trong quá trình thiết kế và phát triển phần mềm. Sinh viên sẽ được tiếp cận với các kỹ thuật quan trọng như lập trình đệ quy, tối ưu hóa mã, lập trình hướng cấu trúc, hướng đối tượng và lập trình đa nhiệm, song song. Bên cạnh đó, môn học còn giới thiệu các ngôn ngữ lập trình như C++, Java và các thư viện hỗ trợ lập trình song song. Nội dung môn học bao gồm các nguyên tắc cơ bản về đặt tên biến, hàm, lớp trong lập trình, cũng như kỹ thuật thiết kế kiến trúc và giao diện chương trình. Phương pháp giảng dạy của môn học kết hợp giữa lý thuyết, thuyết trình và thực hành tự nghiên cứu. Môn học được chia thành ba phần chính: phần một trình bày các kỹ thuật cơ bản và nguyên lý của lập trình, phần hai giới thiệu chi tiết các phương pháp và kỹ thuật lập trình cụ thể, và phần ba hướng dẫn kỹ thuật thiết kế kiến trúc và giao diện chương trình."
183,"Môn Thiết kế, quản lý và quản trị hệ CSDL (MSIS4013) tập trung vào: - Lý thuyết và thực hành về mô hình dữ liệu và hệ thống CSDL - An ninh dữ liệu, đảm bảo tính toàn vẹn CSDL và quản trị CSDL trong các môi trường phân tán, liên mạng và chia sẻ - Khái niệm CSDL, bao gồm CSDL hướng đối tượng và phát triển CSDL Web - Phân tích, thiết kế và triển khai các hệ thống CSDL sử dụng các công cụ CSDL và ngôn ngữ cấp cao để trích xuất và thao tác dữ liệu"
184,"Môn Kỹ năng giao tiếp (mã môn: SPCH3724) rèn luyện các kỹ năng giao tiếp cho sinh viên trong lĩnh vực khoa học công nghệ. Nội dung môn học bao gồm các kiến thức và kỹ năng thực tiễn về lập kế hoạch, chuẩn bị và đánh giá báo cáo, đề xuất, hướng dẫn, chỉ dẫn nghiên cứu, cộng tác làm việc và thuyết trình."
185,"Môn học CE005 - Giới thiệu ngành Kỹ Thuật Máy tính, nhằm giúp sinh viên hiểu rõ về ngành học và định hướng nghề nghiệp, từ đó củng cố đam mê và xây dựng kế hoạch học tập phù hợp. Môn học này được thiết kế để cung cấp cái nhìn tổng quan về ngành Kỹ Thuật Máy Tính trong bối cảnh phát triển mạnh mẽ của ngành Công nghệ thông tin và Truyền thông, đặc biệt là công nghệ IoT. Ngoài ra, môn học cũng cung cấp thông tin về các nhóm ngành, yêu cầu và tương lai phát triển, giúp sinh viên nắm bắt cơ hội và xây dựng kế hoạch học tập đúng đắn."
186,"Môn NT105 Truyền dữ liệu mang lại cho sinh viên tổng quan về lĩnh vực truyền dữ liệu, bao gồm kiến thức về phương pháp mã hóa và điều chế; kỹ thuật truyền số và giao tiếp vật lý; cơ chế điều khiển liên kết, ghép kênh và mạng truyền."
187,Cử nhân ngành Kỹ thuật Máy tính (Áp dụng từ khóa 18 - 2023) Hình thức đào tạo: Chính quy tập trung.- Số tín chỉ đào tạo: 128 tín chỉ. - Thời gian đào tạo: 4 năm (8 học kỳ)
188,"Môn học CE212 là môn học về Điều khiển tự động. Nội dung môn học tóm tắt như sau: Môn học giới thiệu các mô hình vật lý cho sinh viên, cung cấp kiến thức về động học và hướng dẫn thực hành quá trình phân tích, thiết kế và đánh giá tính ổn định của hệ thống điều khiển tự động cơ bản dựa trên yêu cầu cụ thể."
189,"Môn Cơ sở dữ liệu mã IT004 trình bày rõ ràng vai trò thiết yếu của cơ sở dữ liệu đối với doanh nghiệp và nhiều tổ chức khác. Môn học giúp sinh viên hiểu biết sâu sắc về các nguyên tắc vận hành của hệ thống cơ sở dữ liệu, tập trung vào cơ sở dữ liệu quan hệ (mô hình dữ liệu quan hệ và các ngôn ngữ truy vấn dữ liệu). Trang bị cho sinh viên các kỹ thuật và công cụ thiết kế, thao tác với cơ sở dữ liệu quan hệ thông qua hệ quản trị cơ sở dữ liệu MS SQL Server. Mục đích là phục vụ cho các môn học nâng cao về cơ sở dữ liệu trong các học kỳ sau."
190,"Cử nhân ngành An toàn Thông tin (Áp dụng từ khóa 18 - 2023) - Hình thức đào tạo: Chính quy tập trung.- Số tín chỉ đào tạo: 129. - Thời gian đào tạo: 3,5 năm"
191,"Môn Quản lý mạng và hệ thống có mã môn là NT132, bao gồm những nội dung chính sau: cung cấp kiến thức và kỹ năng chuyên sâu để sinh viên thiết kế, cài đặt và quản lý hệ thống mạng dựa trên hệ điều hành Windows, Linux, đồng thời cấu hình và quản lý cơ sở hạ tầng mạng cũng như các thiết bị mạng liên quan. Theo đó, môn học hướng dẫn các kỹ thuật sau: thiết kế, cài đặt và cấu hình mạng; quản lý tài khoản, người dùng, nhóm người dùng, máy tính, chính sách...; quản lý cơ sở hạ tầng mạng bao gồm các dịch vụ, cấu hình địa chỉ IP động, tên miền, cấp chứng chỉ số, mạng riêng ảo,...; quản lý các dịch vụ như WWW, truyền tập tin, thư điện tử, chia sẻ tập tin và máy in; các cơ chế và công cụ bảo mật hệ thống và hạ tầng mạng; cũng như các công cụ quản lý mạng, hệ thống và SNMP."
192,"Môn học Giáo dục quốc phòng có mã hiệu ME001, cung cấp cho người học các kiến thức nền tảng về quốc phòng toàn dân, an ninh nhân dân, chủ trương của Đảng, chính sách, pháp luật của Nhà nước liên quan đến quốc phòng và an ninh; lịch sử đấu tranh bảo vệ đất nước của dân tộc, quân đội nhân dân và nghệ thuật quân sự Việt Nam; cách thức xây dựng hệ thống quốc phòng toàn dân, lực lượng vũ trang nhân dân và đảm bảo an ninh quốc gia; đồng thời trang bị các kiến thức cơ bản về phòng thủ dân sự và kỹ năng quân sự, giúp người học sẵn sàng thực hiện nghĩa vụ bảo vệ Tổ quốc."
193,"Môn học có tên mã là CS323 là môn học về hệ thống hỏi-đáp. Nội dung môn học tập trung vào kiến thức cơ bản về nghiên cứu Question Answering trong xử lý ngôn ngữ tự nhiên, bao gồm phân tích câu hỏi, phân tích tài liệu văn bản để xác định câu trả lời, mô hình hệ thống hỏi-đáp và phương pháp đánh giá hệ thống hỏi-đáp."
194,Môn Nguyên lý thiết kế thế giới ảo (mã môn SE403) cung cấp kiến thức và nguyên lý cơ bản để thiết kế thế giới ảo trong lĩnh vực công nghệ thông tin.
195,"Môn học Phân tích dữ liệu lớn trong tài chính, hay DS306, cung cấp kiến thức và kỹ năng thực tế về phân tích dữ liệu lớn trong lĩnh vực tài chính. Môn học hướng dẫn sinh viên cách áp dụng các mô hình phân tích dữ liệu lớn để giải quyết các vấn đề phổ biến như dự báo, phân tích khách hàng, phát hiện gian lận, hồi quy, và quản lý rủi ro. Ngoài nền tảng lý thuyết, sinh viên còn được tiếp cận dữ liệu thực tế về các báo cáo tài chính, dự báo giá cổ phiếu và các trường hợp gian lận. Các kỹ thuật trực quan hóa được sử dụng để trình bày rõ ràng các kết quả phân tích. Với sự tham gia của các giảng viên đến từ khoa kế toán-tài chính, môn học cung cấp cho sinh viên kiến thức chuyên sâu về ứng dụng phân tích dữ liệu lớn trong lĩnh vực này."
196,"Môn học CS333 là môn học về Đồ họa game. Nội dung môn học tập trung vào việc giới thiệu các kỹ thuật, phương pháp và cách sử dụng phần mềm, công cụ lập trình đồ họa cho video game. Mục tiêu của môn học là truyền đạt kiến thức cập nhật và hiện đại nhằm đáp ứng nhu cầu nhân lực của các đơn vị sản xuất video game."
197,"Môn học CE505 là môn Khóa luận tốt nghiệp. Nội dung môn học tập trung vào việc đào tạo sinh viên thực hiện Khóa luận tốt nghiệp với hai lĩnh vực chính là thiết kế hệ thống nhúng và IoT hoặc thiết kế vi mạch và phần cứng máy tính. Sau khi hoàn thành môn học này, sinh viên sẽ có kiến thức tổng hợp về một trong hai chuyên ngành trên, kỹ năng tìm hiểu, nghiên cứu và giải quyết các bài toán trong ngành KTMT, cũng như kỹ năng thuyết trình, giao tiếp và làm việc nhóm. Môn học này cũng đề cao thái độ làm việc tích cực trong ngành KTMT."
198,"Với mã học phần NT133, môn An toàn kiến trúc hệ thống cung cấp kiến thức về các mô hình được triển khai nhằm thiết lập hệ thống bảo mật. Những mô hình này bao gồm state machine, Bell-LaPadula, Biba cùng nhiều mô hình khác. Ngoài ra, môn học cũng đề cập đến các phương thức vận hành an toàn (chế độ hệ thống chuyên dụng, chế độ an ninh cao của hệ thống), tiêu chuẩn đánh giá hệ thống, cũng như các mô hình an toàn thông tin trong hệ thống phân tán và điện toán đám mây."
199,Môn Lịch sử Đảng Cộng sản Việt Nam với mã môn SS010 tập trung cung cấp cho sinh viên các kiến thức cốt lõi về lịch sử của Đảng Cộng sản Việt Nam.
200,"Mã môn học của môn Logic mờ và ứng dụng là CE319. Tóm tắt nội dung môn học như sau: Môn học này trình bày các khái niệm về tập mờ và logic mờ, đạo hàm và phương trình vi phân mờ, bài toán tối ưu hóa mờ, hệ chuyên gia mờ và hệ trợ giúp quyết định mờ, và phương pháp điều khiển mờ."
201,"Môn **Khoa học máy tính rời rạc nâng cao** (Mã môn: CS521) cung cấp kiến thức chuyên sâu về lý thuyết đồ thị, bao gồm: - Các tính chất của đồ thị: đồ thị Euler, đồ thị Hamilton, cây, cây đỏ đen, cây Huffman - Ứng dụng của các tính chất này trong việc triển khai các thuật toán trên đồ thị - Giới thiệu bài toán ghép đôi và lý thuyết mã"
202,"Môn Ngôn ngữ lập trình C# (mã môn CS511) giúp sinh viên:
- Hiểu rõ ngôn ngữ lập trình C#
- Nắm vững kiến trúc .NET
- Nắm được cách lập trình trên môi trường Windows
- Có khả năng lập trình giao diện
- Lập trình đồ họa GDI+
- Xử lý tập tin và thư mục
- Kết nối cơ sở dữ liệu
- Lập trình đa luồng
- Xây dựng ứng dụng trên nền .NET Framework"
203,"Môn Lập trình hệ thống (mã môn: NT209) là môn học trang bị cho sinh viên những nền tảng kiến thức về nguyên lý lập trình hệ thống máy tính, bao gồm ngôn ngữ Assembly cơ bản, cách chuyển đổi giữa ngôn ngữ cấp cao và mã máy. Không chỉ dừng lại ở đó, môn học còn cung cấp các kỹ năng tối ưu hóa chương trình, hiểu biết về stack, pointer, cache và kiến trúc máy tính để tạo ra các phần mềm an toàn, hiệu quả và có tầm nhìn tổng quan. Ngoài ra, kiến thức của môn học này còn hữu ích trong các kỹ thuật dịch ngược, gỡ lỗi và kiểm tra lỗi phần mềm."
204,"Môn học ""Lập trình trí tuệ nhân tạo trong trò chơi"" (SE328) sẽ đào sâu vào vai trò quan trọng của AI trong thành công của các trò chơi thương mại hiện đại. Nội dung môn học bao gồm:

- Các kỹ thuật tạo ra các tác nhân nhân tạo thông minh với khả năng di chuyển trong môi trường chơi, ra quyết định dựa trên kinh nghiệm học được.
- Các thuật toán cơ bản như tìm đường A*, suy luận dựa trên luật, cây quyết định, hệ thống đối thoại và biểu diễn kiến thức.
- Giới thiệu ngôn ngữ lập trình Python và quy trình phát triển hoàn chỉnh (từ đầu đến cuối) để ứng dụng AI trong thiết kế trò chơi."
205,"Môn học có mã CS5433 này mang tên ""Các hệ cơ sở dữ liệu phân tán"". Tóm tắt nội dung của môn học như sau: giới thiệu tổng quan về các hệ quản trị cơ sở dữ liệu; khám phá kiến trúc của một hệ quản trị cơ sở dữ liệu phân tán; tìm hiểu về các khía cạnh thiết kế của cơ sở dữ liệu phân tán; nắm được các nguyên lý xử lý truy vấn; làm quen với quản lý giao dịch, cách kiểm soát đồng thời phân tán và khám phá thêm về SQL Server."
206,"Môn học CE119 - Thực hành Kiến trúc máy tính cung cấp các bài tập thực hành liên quan đến môn Kiến trúc Máy tính. Nội dung môn học bao gồm việc xây dựng một hệ thống máy tính trên FPGA, sử dụng lõi xử lý mềm Nios II, Kit DE2 và phần mềm Quartus của Altera. Thông qua việc xây dựng hệ thống máy tính này, sinh viên sẽ được thực hành các vấn đề cơ bản về kiến trúc máy tính như lập trình ngôn ngữ assembly, kỹ thuật xuất nhập, cấu trúc bus,..."
207,"Môn Managerial Decision Theory, với mã môn MSIS3243, đào sâu các nguyên tắc cơ bản về quá trình ra quyết định của nhà quản lý, bao gồm ra quyết định trong bối cảnh rủi ro và không chắc chắn. Khóa học tập trung vào ứng dụng lý thuyết xác suất, cung cấp cho sinh viên các công cụ và kỹ thuật hỗ trợ ra quyết định hiệu quả. Bên cạnh đó, sinh viên sẽ tiếp cận các phương pháp đa mục tiêu và đưa ra quyết định thông qua nghiên cứu tình huống thực tế. Khóa học cũng trang bị cho sinh viên kiến thức về mô hình ra quyết định kinh doanh, phân tích quyết định Bayes, kỹ thuật đo lường, mô phỏng và các mô hình kiểm kê, giúp sinh viên hiểu rõ cách thức xử lý và phân tích dữ liệu để đưa ra quyết định sáng suốt."
208,"Môn học CS232 là môn Tính toán đa phương tiện. Nội dung môn học tập trung vào kiến thức về tính toán, xử lý dữ liệu đa phương tiện (hình ảnh, video, âm thanh) và các ứng dụng, công nghệ liên quan. Các chủ đề chính bao gồm đặc điểm của phương tiện truyền thông, biểu diễn đa phương tiện, định dạng dữ liệu, nén, công nghệ đa phương tiện và ứng dụng tính toán đa phương tiện."
209,"Môn Công nghệ thông tin trong thương mại điện tử, có mã MSIS4133, tập trung nghiên cứu ứng dụng công nghệ thông tin, hệ thống và nền tảng web vào thương mại điện tử. Môn học này trang bị cho sinh viên kỹ năng sử dụng công nghệ để kết nối các doanh nghiệp vượt qua rào cản về thời gian và địa lý. Nội dung môn học bao gồm các ngôn ngữ và mã nguồn mở, công cụ lập trình web, và các kỹ thuật kết nối được ứng dụng trong thiết kế và triển khai hệ thống thương mại điện tử."
210,Môn học CE313 về Xử lý song song và hệ thống phân tán tóm tắt như sau: Nội dung môn học bao gồm các khái niệm và phương pháp xây dựng hệ thống xử lí song song và hệ thống phân bố.
211,"Môn học có mã CS519 là Phương pháp luận nghiên cứu khoa học, cung cấp cho sinh viên nền tảng về khoa học và nghiên cứu khoa học, từ đó giúp hoàn thiện đề cương và luận văn tốt nghiệp. Môn học minh họa các quy trình nghiên cứu khoa học bằng ví dụ cụ thể, bổ sung các mô hình và lý thuyết để sinh viên nắm vững phương pháp luận thực tiễn như: cách xác định vấn đề khoa học, giải quyết các vấn đề trong lĩnh vực tin học, áp dụng kỹ thuật sáng tạo vào các bài toán tin học, phương pháp suy luận và tư duy khoa học, cách viết báo cáo khoa học và các vấn đề về đạo đức trong nghiên cứu khoa học."
212,"Môn Tư tưởng Hồ Chí Minh, với mã môn SS003, trang bị cho sinh viên lý thuyết và tư tưởng của Hồ Chí Minh về nền tảng cách mạng Việt Nam. Môn học bao gồm các nội dung như: Tư tưởng Hồ Chí Minh về vấn đề dân tộc và giải phóng dân tộc; về chủ nghĩa xã hội và con đường đi lên chủ nghĩa xã hội; về vai trò của Đảng Cộng sản Việt Nam; về đoàn kết dân tộc, đoàn kết quốc tế; về xây dựng nhà nước của dân, do dân, vì dân; về tầm quan trọng của văn hóa, đạo đức và đào tạo con người mới."
213,"Môn Sofware Quality Management có mã hiệu là MSIS3242. Tóm tắt nội dung môn học bao gồm: tìm hiểu quy trình tạo ra các hệ thống phần mềm phức tạp, từ thiết kế, phát triển, bảo trì tới kiểm thử; các chuẩn mực phục vụ mục đích giảm thiểu chi phí, tăng độ tin cậy, cũng như khả năng đổi mới của hệ thống phần mềm. Môn học cung cấp nền tảng lý thuyết và thực hành các công cụ đảm bảo, đo lường chất lượng phần mềm, tập trung vào những chủ đề như: đảm bảo chất lượng, ngăn ngừa và khắc phục lỗi, kỹ thuật kiểm định, giám sát, các chỉ định và phương pháp xác minh, các giải pháp cải tiến chất lượng phần mềm."
214,Môn Ngôn ngữ lập trình C# (mã môn CS511) giúp sinh viên:
215,"Môn học Công nghệ Internet vạn vật (IoT) hiện đại với mã số NT532 cung cấp một cái nhìn tổng quan về các giao thức mạng IoT đương đại như IEEE 802.15.4 WPAN/ZigBee, IEEE 802.15.1/Bluetooth, RF4CE/RFID, 6LoWPAN, uIP/uIPv6. Ngoài ra, môn học còn trình bày các kiến trúc mạng hiện đại được ứng dụng trong phát triển cơ sở hạ tầng mạng IoT, bao gồm các cấu trúc mạng như dạng sao, dạng cây, dạng cụm, dạng thanh, dạng vòng, dạng chuỗi, dạng quét, dạng nhánh-delta và dạng lưới. Thông qua môn học này, sinh viên sẽ được trang bị nền tảng kiến thức nền tảng để phát triển các ứng dụng và giải pháp IoT thông minh nhằm phục vụ cuộc sống con người tốt hơn và tiện dụng hơn (Cuộc sống hỗ trợ theo ngữ cảnh)."
216,"Môn học CE315 là môn học Lập trình hệ thống với Java. Nội dung môn học tóm tắt như sau: Môn học này giới thiệu các khái niệm cơ bản về ngôn ngữ Java như kiểu dữ liệu, cấu trúc lặp điều khiển, hướng đối tượng bao gồm đối tượng, thể hiện, lớp, thừa kế, giao diện, đa hình. Ngoài ra, môn học cũng giới thiệu về lập trình giao diện như applet, swing GUI và lập trình hệ thống như mô hình client-server, socket, TCP, UDP."
217,"Môn học Chuyên đề Mobile and Pervasive Computing với mã học phần SE405 sẽ trang bị cho sinh viên những kiến thức nền tảng về tính toán trên thiết bị di động. Môn học bao gồm các chủ đề về công nghệ, ứng dụng mới, cũng như quy trình xây dựng ứng dụng di động."
218,Môn học Xử lý văn bản Y khoa có mã môn học là CS339. Tóm tắt nội dung môn học như sau: Khóa học này tập trung vào ứng dụng xử lý ngôn ngữ tự nhiên trong lĩnh vực y tế. Một số lý thuyết về NLP được đề cập. Sự tập trung chính là vào việc thực hành và ứng dụng các bộ công cụ NLP miễn phí trong thực tế. Các chủ đề của khóa học bao gồm: giới thiệu về NLP y tế; xem xét các khái niệm cơ bản về NLP y tế và khoa học dữ liệu y tế; giới thiệu bộ công cụ CLAMP; thực nghiệm với đường ống NLP CLAMP trên văn bản thực tế; giới thiệu các bộ công cụ NLP mã nguồn mở được lựa chọn; giới thiệu học máy (ML) trong NLP lâm sàng; nghiên cứu và áp dụng phương pháp Chu kỳ Phát triển Hệ thống vào kỹ thuật phần mềm; học cách đo hiệu suất của hệ thống NLP của bạn; và học cách quản lý chú thích của máy và con người.
219,"Môn Thiết kế, quản lý và quản trị hệ CSDL (MSIS4013) tập trung vào:

- Lý thuyết và thực hành về mô hình dữ liệu và hệ thống CSDL
- An ninh dữ liệu, đảm bảo tính toàn vẹn CSDL và quản trị CSDL trong các môi trường phân tán, liên mạng và chia sẻ
- Khái niệm CSDL, bao gồm CSDL hướng đối tượng và phát triển CSDL Web
- Phân tích, thiết kế và triển khai các hệ thống CSDL sử dụng các công cụ CSDL và ngôn ngữ cấp cao để trích xuất và thao tác dữ liệu"
220,"Môn học CS331 là môn học Thị giác máy tính nâng cao. Nội dung môn học tập trung vào việc khai thác nội dung ảnh và video trong chuyên ngành Thị giác máy tính. Các chủ đề được giới thiệu bao gồm các phương pháp khai thác đặc trưng cấp cao, đặc trưng ngữ nghĩa, khai thác thông tin ngữ cảnh và mối liên hệ về không gian trong ảnh và video. Các bài toán chính bao gồm phân loại video/hình ảnh, chú thích hình ảnh, phát hiện đối tượng, nhận dạng đối tượng."
221,"Môn học mang tên Tổng hợp tiếng nói, có mã là CS535, tóm tắt như sau: Giao tiếp qua lời nói là phương thức tự nhiên nhất để mọi người trao đổi thông tin với nhau trong đời sống thường nhật. Môn học truyền đạt những mô hình và kỹ thuật dùng trong quá trình xử lý ngôn ngữ nói, thông qua những lý thuyết cơ bản về nhận dạng giọng nói (Speech Recognition), tổng hợp giọng nói (Speech Synthesis) và những hệ thống dùng tiếng nói để con người giao tiếp với máy móc (Dialog)."
222,"Môn học Nguyên lý các hệ cơ sở dữ liệu có mã học phần CS5423 cung cấp tổng quan về các hệ quản trị cơ sở dữ liệu, gồm mô hình thực thể liên kết, ngôn ngữ truy vấn có cấu trúc, đại số quan hệ, thiết kế cơ sở dữ liệu quan hệ với các định lý chuẩn hóa, các ràng buộc toàn vẹn cơ sở dữ liệu và các nguyên lý tích hợp hệ cơ sở dữ liệu với Internet."
223,"Môn học CE410 là môn học về Kỹ thuật hệ thống máy tính. Nội dung môn học tập trung vào các kiến thức cơ bản về hệ thống máy tính, bao gồm các thành phần cơ bản của hệ thống máy tính, phân tích và thiết kế một hệ thống máy tính hoàn chỉnh, xây dựng quy trình kiểm thử, bảo trì và quản lý dự án cho một hệ thống máy tính, và hiện thực một hệ thống máy tính hoàn chỉnh."
224,"Môn học CE224 là môn Thiết kế hệ thống nhúng. Nội dung môn học được tóm tắt như sau: ▪ Giới thiệu về hệ thống nhúng, bộ nhớ và ngoại vi.▪ Giới thiệu về phương pháp tích hợp phát triển phần mềm (chủ yếu) và phần cứng (phần nhỏ) cho các hệ thống nhúng được xây dựng trên một họ vi điều khiển và họ vi xử lý.▪ Cung cấp kiến thức về phân tích và thiết kế một hệ thống nhúng đơn giản, sử dụng ngôn ngữ lập trình C/C++ cho hệ thống nhúng.▪ Sinh viên sẽ được thực hành và tự thiết kế một hệ thống nhúng ứng dụng đơn giản trong thực tế."
225,"Môn phần Phát triển Phần mềm Mã nguồn mở (mã môn SE301) cung cấp những kiến thức tổng quan về sự phát triển của phần mềm mã nguồn mở, các khái niệm bản quyền có liên quan. Môn học này cũng trình bày các phương pháp xây dựng phần mềm mã nguồn mở và đào tạo sử dụng SVN để xây dựng loại phần mềm này."
226,"Môn học có mã CS5433 này mang tên 'Các hệ cơ sở dữ liệu phân tán'. Tóm tắt nội dung của môn học như sau: giới thiệu tổng quan về các hệ quản trị cơ sở dữ liệu; khám phá kiến trúc của một hệ quản trị cơ sở dữ liệu phân tán; tìm hiểu về các khía cạnh thiết kế của cơ sở dữ liệu phân tán; nắm được các nguyên lý xử lý truy vấn; làm quen với quản lý giao dịch, cách kiểm soát đồng thời phân tán và khám phá thêm về SQL Server."
227,"Cử nhân ngành Khoa học Máy tính (Áp dụng từ khóa 18 - 2023) Mục tiêu chung: Chương trình đào tạo hướng đến đào tạo nguồn nhân lực Khoa học máy tính chất lượng cao đạt trình độ khu vực và quốc tế, đáp ứng yêu cầu công nghiệp hóa, hiện đại hóa đất nước và hội nhập quốc tế. Trang bị cho người học kiến thức cơ bản và chuyên sâu về Khoa học máy tính và công nghệ thông tin. Người học có những kiến thức, kỹ năng và thái độ chuẩn mực trong phát triển nghề nghiệp."
228,Môn học có tên là CS405 và nó liên quan đến Logic mờ và ứng dụng. Tóm tắt nội dung của môn học như sau: Lý thuyết mờ là một công cụ quan trọng trong việc giải quyết các vấn đề liên quan đến tính toán mềm trong lĩnh vực Khoa học Máy tính và các ngành kỹ thuật khác. Môn học này có 2 mục tiêu chính: trang bị kiến thức cơ bản về Lý thuyết mờ và áp dụng lý thuyết mờ vào một số ứng dụng.
229,"Môn học CE421 là Chuyên đề thiết kế vi mạch và phần cứng. Tóm tắt nội dung môn học như sau: Môn học này trình bày các giai đoạn để thiết kế một lõi IP hoặc một chip xử lý theo hướng FPGA hoặc ASIC. Một ví dụ thiết kế cụ thể được đưa ra để trình bày cách tiến hành từng giai đoạn thiết kế. Phần mềm chuyên dụng được sử dụng để thực hiện thiết kế trong từng giai đoạn trên, giúp sinh viên có cái nhìn thực tế về qui trình thiết kế trong một công ty."
230,"Môn học có mã là IE213 có tên gọi là Kỹ thuật phát triển hệ thống Web. Môn học cung cấp kiến thức và kỹ năng xây dựng, triển khai một website hoàn chỉnh, đồng thời cung cấp kiến thức về các ngôn ngữ lập trình web như PHP, ASP.NET, nodejs và các framework web để xây dựng một website."
231,"Môn học CE439 là môn học về Lập trình song song và hệ phân tán. Nội dung môn học tập trung vào các khái niệm và phương pháp xây dựng hệ thống xử lí song song và hệ thống phân bố. Môn học giới thiệu về các mô hình và kiến trúc máy tính song song, cũng như tổ chức các bộ xử lí. Ngoài ra, môn học cũng tìm hiểu về cách tính speed up và các mô hình lập trình song song. Một số giải thuật song song cơ bản trên các bài toán cụ thể như nhân ma trận cũng được giới thiệu và thực hành. Môn học cũng giới thiệu về hệ thống phân tán và cách truyền thông trong hệ thống này. Ngoài ra, môn học còn tìm hiểu về các hệ thống phân tán thông dụng như hệ thống file phân tán, dịch vụ web và hệ thống mạng ngang hàng. Thời gian và trạng thái toàn cục của hệ thống phân tán cũng được tìm hiểu. Cuối cùng, môn học cũng tìm hiểu về giải thuật phân tán trên các bài toán cụ thể như leader election và đường đi ngắn nhất."
232,"Bộ môn Tính toán song song & phân tán được xác định bằng mã DS104. Về nội dung học tập, bộ môn cung cấp cái nhìn tổng thể về hệ thống tính toán song song và tính toán phân tán, bao gồm các khái niệm, mô hình và những thách thức liên quan. Bộ môn tập trung vào các phương pháp và nền tảng cụ thể để giải quyết các vấn đề dữ liệu lớn trong bối cảnh tính toán song song và phân tán."
233,"Môn học Trí tuệ nhân tạo (Artificial Intelligence) được ký hiệu là IE229. Về nội dung, môn học cung cấp một bức tranh toàn diện về lĩnh vực trí tuệ nhân tạo, trình bày các vấn đề trong lĩnh vực này cùng với những phương pháp thường dùng để giải quyết. Môn học bao gồm các kiến thức cơ bản về thuật giải, thuật toán, các cách tiếp cận để tìm lời giải cho các bài toán cũng như các phương pháp tìm kiếm giải pháp nhanh (heuristic). Bên cạnh đó, môn học cũng giới thiệu tổng quan về học máy (machine learning), các mô hình học máy phổ biến (học có giám sát, học không giám sát, ...) và các kỹ thuật đánh giá mô hình học máy."
234,"Môn học có mã hiệu NT331 trình bày về chủ đề ""Xây dựng và chuẩn hóa chính sách an toàn thông tin cho tổ chức"". Nội dung cốt lõi của môn học bao gồm: Giới thiệu tổng quan về khuôn khổ pháp lý, thực tiễn điều tra và đạo đức trong lĩnh vực an toàn thông tin; Hệ thống chính sách an toàn thông tin; Các phương pháp nâng cao khả năng bảo vệ hệ thống; Phát hiện và đánh giá những rủi ro của hệ thống; Soạn thảo chính sách phù hợp với quy mô, đặc điểm của cơ sở hạ tầng cũng như các nhu cầu cụ thể của từng doanh nghiệp."
235,"Môn Anh văn 4 có mã môn là ENG04. Nội dung môn học gồm 6 bài học trong giáo trình ""Collins English for Exams: Skills for the TOEIC Test: Speaking and Writing"", được phân bổ trong 60 tiết lý thuyết, tương ứng với thời gian học là 12 tuần. Môn học trang bị cho sinh viên kiến thức và kỹ năng thực hiện phần thi Nói và Viết của bài kiểm tra TOEIC. Các bài học bao quát các kiến thức hỗ trợ cho Nói và Viết như: từ vựng, ngữ pháp, phát âm và cấu trúc câu. Ngoài ra, môn học cũng cung cấp các chiến lược làm bài thi TOEIC Nói và Viết, đồng thời tạo cơ hội cho sinh viên rèn luyện kỹ năng thực hành bài thi."
236,"Môn học Chuyên đề thiết kế hệ thống nhúng 2 có mã môn học là CE438. Tóm tắt nội dung môn học như sau: Mục tiêu của môn học này là hợp tác với các doanh nghiệp để đào tạo công nghệ mới để đáp ứng yêu cầu của thị trường lao động. Vì vậy, nội dung chi tiết của môn học sẽ được ban hành cụ thể theo từng học kỳ đào tạo. Tuy nhiên, nội dung chính dự kiến bao gồm: 
- Giới thiệu công nghệ mới trong thiết kế, thực hiện và kiểm tra hệ thống nhúng từ phần cứng đến phần mềm.
- Cung cấp kiến thức về quy trình thiết kế hoặc phương pháp thực hiện, phương pháp đánh giá hiệu suất của hệ thống nhúng mới và cập nhật.
- Sinh viên cần thực hiện một ứng dụng thực tế để hiểu quy trình thiết kế, cài đặt và thực hiện hệ thống nhúng cho các ứng dụng trong doanh nghiệp."
237,"Môn học CS226 là môn học về Ngôn ngữ học máy tính. Nội dung môn học tập trung vào việc giảng dạy kiến thức cơ bản về Ngôn ngữ học máy tính, bao gồm các mô hình và phương pháp xử lý văn phạm hình thức, cũng như các chiến lược và thuật toán phân tích cú pháp trên máy tính. Đối với sinh viên hệ Cử nhân Tài năng, môn học này cung cấp các bài tập lý thuyết và thực hành nâng cao."
238,Môn Triết học Mác - Lênin với mã là SS007 giúp sinh viên tiếp cận kiến thức nền tảng về học thuyết này.
239,"Mã môn học của Trí tuệ nhân tạo nâng cao là CS211. Tóm tắt nội dung môn học như sau: Môn học cung cấp kiến thức cơ bản về khoa học Trí tuệ nhân tạo. Nội dung chính bao gồm: phương pháp tiếp cận hiện đại để biểu diễn tri thức bằng ontology, tổng quan về khái niệm tác tử và hệ thống đa tác tử, thiết kế thuật giải di truyền và các thuật toán trong mạng neural, và ứng dụng xây dựng các ứng dụng thực tế."
240,"Môn học Chuyên đề thiết kế hệ thống nhúng 2 có mã môn học là CE438. Tóm tắt nội dung môn học như sau: Mục tiêu của môn học này là hợp tác với các doanh nghiệp để đào tạo công nghệ mới để đáp ứng yêu cầu của thị trường lao động. Vì vậy, nội dung chi tiết của môn học sẽ được ban hành cụ thể theo từng học kỳ đào tạo. Tuy nhiên, nội dung chính dự kiến bao gồm: - Giới thiệu công nghệ mới trong thiết kế, thực hiện và kiểm tra hệ thống nhúng từ phần cứng đến phần mềm. - Cung cấp kiến thức về quy trình thiết kế hoặc phương pháp thực hiện, phương pháp đánh giá hiệu suất của hệ thống nhúng mới và cập nhật. - Sinh viên cần thực hiện một ứng dụng thực tế để hiểu quy trình thiết kế, cài đặt và thực hiện hệ thống nhúng cho các ứng dụng trong doanh nghiệp."
241,"Môn học Công nghệ thoại IP có mã môn học là NT303. Tóm tắt nội dung môn học như sau: Nội dung môn học bao gồm tổng quan về xu thế phát triển của Internet và công nghệ thoại IP, các giao thức báo hiệu và xử lý cuộc gọi. Môn học cũng đề cập đến các kỹ thuật nén tín hiệu thoại bao gồm nguyên lý chung đến các chuẩn nén. Các cách thức ghi địa chỉ, đánh số, phương pháp định tuyến giữa mạng điện thoại truyền thống (PSTN) với mạng điện thoại IP và các vấn đề đo kiểm chất lượng dịch vụ thoại IP, các thiết bị, phần mềm đầu cuối và triển khai mạng điện thoại IP. Môn học cũng đề cập các công nghệ VoIP của Cisco và mã nguồn mở Asterisk trong đó trình bầy chuyên sâu về lập trình một mạng thoại với nguồn mở Asterisk."
242,Môn Kinh tế học đại cương được xác định bằng mã môn học EC001. Mục tiêu của môn học này là cung cấp cho sinh viên một nền tảng kiến thức toàn diện về cả kinh tế vi mô và kinh tế vĩ mô.
243,"Môn học Công nghệ Web và ứng dụng có mã là SE347, cung cấp cho sinh viên kiến thức nền tảng về lý thuyết và thực hành công nghệ Web. Môn học này tập trung vào một mô hình ứng dụng lập trình trên web để sinh viên có thể phát triển các ứng dụng web hiệu quả."
244,"Môn học CS222 là môn học Xử lý ngôn ngữ tự nhiên nâng cao. Tóm tắt nội dung môn học bao gồm Probabilistic Context-Free Grammar, Unification-Based Grammar, Lexicalized Probabilistic Context-Free Grammar,...- Đối với hệ Cử nhân Tài năng, sinh viên sẽ được tăng cường bài tập lý thuyết và bài tập thực hành nâng cao về các phương pháp và kỹ thuật xử lý cú pháp trên nhiều mô hình lý thuyết ngữ pháp."
245,"Môn Nhập môn lập trình thi đấu (IT011) là môn học chuyên biệt dành cho sinh viên đã có nền tảng lập trình cơ bản và đã tham dự các cuộc thi lập trình. Môn học này trang bị cho sinh viên những kiến thức, kỹ năng và thái độ thiết yếu để đối mặt với các bài toán trong các cuộc thi lập trình quốc gia và quốc tế. Sinh viên sẽ được hướng dẫn cách ứng dụng các kỹ thuật lập trình và cấu trúc dữ liệu để giải quyết các thử thách tính toán hiệu quả. Các thuật toán điển hình được giới thiệu bao gồm vét cạn, chia để trị, tham lam, qui hoạch động,... Ngoài ra, sinh viên còn được hướng dẫn cách sử dụng các thư viện lập trình (C/C++, Java, Python,...) để thực hiện bài toán trên máy tính."
246,"Môn học Tiếng Nhật 1 (JAN01) cung cấp kiến thức toàn diện về tiếng Nhật căn bản. Nội dung bao gồm: hệ chữ, Ngữ pháp (thì, thể của động từ, trợ từ, giới từ, lượng từ vựng), phát âm, cũng như các kỹ năng nghe, nói, đọc, viết cơ bản của tiếng Nhật."
247,"Môn học CE118 là môn Thiết kế luận lý số. Tóm tắt nội dung môn học như sau: Môn học này trình bày kiến thức tiếp theo của môn Nhập môn mạch số, bao gồm các nội dung đi sâu hơn và chưa được học trong môn học trước. Các nội dung chính bao gồm 4 chương sau: Chương I: Mạch tuần tự, Chương II: Các thành phần lưu trữ, Chương III: Thiết kế truyền đạt đăng ký, Chương IV: Thiết kế bộ xử lý."
248,"Môn học có mã SE320 này có tên gọi là Lập trình đồ họa 3 chiều với Direct3D. Nội dung tóm tắt môn học như sau: Giải thích những kiến thức cơ bản về lập trình ứng dụng đồ họa 3 chiều. Hướng dẫn cách sử dụng thư viện đồ họa tiêu chuẩn của Microsoft - DirectX để xây dựng ứng dụng. Chương trình học gồm 4 chương, trong đó: chương 1 đề cập đến toán học ứng dụng trong đồ họa 3 chiều và quy trình dựng hình 3 chiều. Chương 2 và 3 sẽ trình bày về Direct3D từ những vấn đề cơ bản đến nâng cao. Sau cùng, chương 4 là hướng dẫn sinh viên ứng dụng kiến thức đã học vào việc xây dựng trò chơi Tetris 3D. Kết thúc khóa học, sinh viên sẽ có khả năng tự thiết kế và lập trình ứng dụng đồ họa 3 chiều cơ bản trên môi trường Windows."
249,"Môn học CE411 là Chuyên đề hệ thống nhúng và robot. Nội dung môn học tập trung vào khả năng phân tích và thiết kế hệ thống nhúng hoặc robot cụ thể. Sinh viên sẽ được học về các lý thuyết liên quan đến board nhúng và robot, cũng như các qui trình và cách thực hiện để tạo ra sản phẩm nhúng thực tế, bao gồm cả phần cứng và phần mềm."
250,"Môn Phân tích thiết kế hệ thống (MSIS3303) cung cấp một loạt các khái niệm, phương pháp và ứng dụng để tối ưu hóa quy trình kinh doanh, thúc đẩy sự phát triển vượt trội trên thị trường cạnh tranh. Khóa học khám phá tác động của tự động hóa vào các quy trình được thiết kế mới để gia tăng lợi thế cạnh tranh cho doanh nghiệp. Các nghiên cứu điển hình từ các công ty hàng đầu minh họa cách sắp xếp hợp lý quy trình làm giảm đáng kể chi phí hoạt động, nâng cao hiệu suất và mang lại lợi ích cho tất cả các bên liên quan."
251,"Môn học Hệ thống thông tin kế toán (mã môn: IS232) giới thiệu kiến thức toàn diện về công tác kế toán. Nội dung môn học bao gồm: nguyên lý kế toán, các chu trình nghiệp vụ trong kế toán, cách thức tổ chức và xây dựng hệ thống thông tin kế toán, cũng như ứng dụng công nghệ thông tin vào các nghiệp vụ kế toán."
252,"Môn học Kỹ thuật lập trình Python được mã hiệu là IE221. Nội dung chính của môn học bao gồm: giới thiệu về lịch sử và vai trò của ngôn ngữ lập trình Python trong kỷ nguyên công nghiệp 4.0, ngữ nghĩa cú pháp, nguyên lý hướng đối tượng, các thư viện hỗ trợ lập trình phổ biến và ứng dụng của Python. Môn học cũng cung cấp các kỹ năng mềm như đọc hiểu tài liệu, nghiên cứu, báo cáo, thuyết minh, làm việc nhóm và phối hợp hoàn thành dự án."
253,"Môn học CE432 là môn Thiết kế vi mạch hướng ASIC. Tóm tắt nội dung môn học như sau: Môn học bao gồm các phần sau đây: 
- Trình bày tổng quan về luồng thiết kế vi mạch hướng ASIC đang được sử dụng trong ngành công nghiệp vi mạch trên toàn cầu hiện nay.
- Cung cấp kiến thức cơ bản để thực hiện các bước chính trong quy trình thiết kế.
- Phân tích quy trình thực hiện Front-End thiết kế.
- Phân tích quy trình thực hiện Back-End thiết kế."
254,"Môn học Máy học nâng cao có mã môn học là CS315. Tóm tắt nội dung môn học như sau: Môn học cung cấp kiến thức nâng cao về Máy học, bao gồm giới thiệu các thuật toán máy học nâng cao đang được nghiên cứu và sử dụng như thuật toán SVM (Support Vector Machine), PageRank (Weight PageRank, LpageRank, …), và mô hình Markov ẩn."
255,"Môn học CS3443 là môn Hệ thống máy tính. Nội dung môn học bao gồm mô tả về mức thanh ghi và chức năng của hệ thống máy tính, cấu trúc máy tính, kỹ thuật truy tìm địa chỉ, macro, liên kết, toán tử nhập - xuất. Ngoài ra, còn giới thiệu về phép toán xử lý tập tin và các thiết bị lưu trữ phụ, cũng như lập trình bằng ngôn ngữ assembly."
256,"Môn học Lập trình trên thiết bị di động, ký hiệu là SE346, là một môn học trong chương trình đào tạo công nghệ thông tin, được thiết kế cho sinh viên trong một học kỳ. Môn học bao gồm các kiến thức cơ bản và chuyên sâu về lập trình ứng dụng trên thiết bị di động, đặc biệt trên hai nền tảng phổ biến là .Net/Windows Phone và Android. Nội dung chính của môn học được chia thành ba phần: phần một trình bày về nền tảng và kiến trúc của thiết bị di động, phần hai chuyên sâu về lập trình ứng dụng Android và phần ba là các chủ đề nghiên cứu chuyên sâu khác. Phương pháp giảng dạy của môn học kết hợp giữa lý thuyết, bài tập ứng dụng tại lớp và thực hiện đồ án cuối kỳ."
257,"Với mã môn học SS001, môn Những nguyên lý cơ bản của chủ nghĩa Mác Lênin trang bị cho sinh viên nền tảng kiến thức về triết học cũng như kinh tế chính trị theo tư tưởng Mác-Lênin, chủ nghĩa xã hội khoa học; đồng thời hướng dẫn áp dụng kiến thức này vào cách mạng Việt Nam."
258,"Môn Phân tích dữ liệu kinh doanh có mã số IS403, trang bị cho sinh viên các kỹ năng phân tích dữ liệu cần thiết để nghiên cứu và ứng dụng trong các lĩnh vực kinh doanh. Nội dung bao gồm nền tảng toán học, các kỹ thuật phân tích dữ liệu cùng với các ví dụ thực tế trong kinh doanh. Sinh viên sẽ thực hành trên các phần mềm phần mềm EVIEWS, SPSS để áp dụng kiến thức vào thực tế."
259,"Môn Thiết kế hệ thống thương mại điện tử, được ký hiệu là EC312, cung cấp kiến thức chuyên sâu về phân tích và thiết kế các mô hình kinh doanh trực tuyến. Nội dung gồm có các nguyên tắc về hệ thống bán hàng trực tuyến, phương thức thanh toán bảo mật và an toàn mạng."
260,"Môn học Máy học có mã môn học là CS114. Tóm tắt nội dung môn học như sau: Môn học cung cấp kiến thức cơ bản về Máy học. Nội dung chính bao gồm: - Giới thiệu tổng quan về máy học, bao gồm khái niệm, lịch sử và ứng dụng của Máy học, cùng với các công cụ, công nghệ và thách thức hiện nay. - Các cách sử dụng máy học để giải quyết vấn đề, bao gồm các bài toán tiêu biểu như hồi quy, phân lớp, gom cụm và các phương pháp cơ bản để giải quyết. - Áp dụng các phương pháp và kỹ thuật máy học cơ bản để giải quyết các bài toán thực tế."
261,"Ngoài mã môn là DS304, môn Thiết kế và phân tích thực nghiệm còn giúp học viên nắm vững phương pháp thiết kế và phân tích thí nghiệm. Môn học này không chỉ tập trung vào các kiến thức về thống kê, mà còn hướng dẫn thiết kế thí nghiệm, giải thích kết quả thu được và trình bày rõ ràng. Trong các bài tập, sinh viên sẽ được thực hành phân tích dữ liệu bằng Excel và các phần mềm chuyên dụng như SPSS hoặc R, giúp các em thành thục các kỹ thuật thống kê phổ biến trong cả nghiên cứu khoa học lẫn thực tế công nghiệp."
262,"Môn học Tiếng Nhật trình độ 6 với mã số JAN06 được thiết kế để trang bị cho sinh viên kiến thức tiếng Nhật ở mức độ Trung cấp 2 (tương ứng trình độ N3) bao quát các kỹ năng nghe, nói, đọc, viết. Bên cạnh nền tảng kiến thức, môn học còn tập trung rèn luyện khả năng vận dụng ngôn ngữ hiệu quả nhằm nâng cao năng lực giao tiếp của sinh viên."
263,"Môn học CE317 là môn học Điều khiển tự động nâng cao. Tóm tắt nội dung môn học như sau: Môn học này tập trung vào các phương pháp thiết kế bộ điều khiển cho hệ thống tự động, nhằm đảm bảo độ dự trữ, tính ổn định bền vững khi vận hành và chất lượng khi tối ưu hóa thiết kế của hệ thống trong điều kiện ràng buộc của chế độ làm việc được đặt ra."
264,"Môn học CE213 là Thiết kế hệ thống số với HDL. Nội dung môn học được tóm tắt như sau: Giới thiệu tổng quan về thiết kế mạch logic, phương pháp thiết kế vi mạch fron-end và ngôn ngữ mô tả phần cứng VHDL&Verilog."
265,"Môn học với mã JAN02 là Tiếng Nhật 2, trang bị cho sinh viên kiến thức ngôn ngữ Nhật ở mức sơ cấp 2 (tương đương N5), gồm các kỹ năng nghe, nói, đọc, viết. Môn học cũng cung cấp kiến thức cơ bản về Hán tự."
266,"Môn 'Phân tích thiết kế hệ thống thông tin' (mã môn IS201) cung cấp sinh viên các lý thuyết và thủ thuật để phân tích và xây dựng hệ thống thông tin (HTTT). Sinh viên sẽ tìm hiểu cách vận hành hệ thống HTTT với hai thành phần: dữ liệu (tĩnh) và xử lý (động). Về dữ liệu, môn học này sẽ mở rộng kiến thức về mô hình dữ liệu học sinh đã học trong môn Cơ sở dữ liệu, cụ thể là mô hình dữ liệu quan hệ và đối tượng hướng. Sinh viên cũng sẽ được trang bị các kỹ năng phân tích, thiết kế HTTT thông qua mô hình dòng dữ liệu DFD hoặc mô hình đối tượng (ngôn ngữ mô tả UML) để giải quyết các vấn đề thực tế. Ngoài ra, sinh viên sẽ được hướng dẫn sử dụng công cụ hỗ trợ phân tích, thiết kế. Dự án môn học sẽ dựa trên một bài toán thực tế, được thực hiện theo nhóm gồm hai sinh viên trở lên, nhằm rèn luyện các kỹ năng phân tích, thiết kế, giao tiếp và làm việc nhóm."
267,"Môn Xây dựng hệ thống thông tin trên framework, có mã môn là IS220. Tóm tắt nội dung môn học như sau: Môn học trình bày về bản chất, đặc tính và ứng dụng của công nghệ framework trong xây dựng các ứng dụng hệ thống thông tin. Ngoài ra, môn học còn hướng dẫn sinh viên các phương pháp chuyên sâu trong xây dựng ứng dụng hệ thống thông tin dựa trên nền tảng framework."
268,"Môn Đồ án chuyên ngành (NT114) yêu cầu sinh viên tổng hợp và vận dụng những kiến thức, kỹ năng đã trang bị nhằm giải quyết một vấn đề thực tế liên quan đến chuyên ngành đào tạo dưới sự hướng dẫn của giảng viên."
269,"Môn học CE232 là môn Thiết kế hệ thống nhúng không dây. Nội dung môn học được tóm tắt như sau: ▪ Giới thiệu về kiến trúc hệ thống nhúng tích hợp ngoại vi, bao gồm kiến trúc của một end node trong hệ thống Internet of Things. ▪ Mô hình tích hợp phần cứng và phần mềm trên hệ thống nhúng tích hợp ngoại vi, bao gồm bootloader, kernel, OS, driver... ▪ Giới thiệu các phương pháp thiết kế hệ thống nhúng tích hợp ngoại vi. ▪ Cung cấp kiến thức về phân tích và thiết kế một hệ thống nhúng phức tạp có tích hợp bộ nhớ, module ngoại vi và module giao tiếp mạng/module giao tiếp không dây. ▪ Sinh viên sẽ được thực hành và tự thiết kế một hệ thống nhúng ứng dụng trong một giải pháp Internet of Things."
270,"Môn học Chuyên đề CSDL nâng cao được ký hiệu là SE332. Nội dung chính bao gồm: cung cấp kiến thức bổ sung về cơ sở dữ liệu, bao gồm quy trình xây dựng cơ sở dữ liệu thực tiễn, lưu trữ cơ sở dữ liệu trên bộ nhớ ngoài, thực hiện và tối ưu truy vấn, kiểm tra tính nhất quán."
271,"Môn Quản lý dự án hệ thống thông tin (MSIS3033) trang bị kiến thức toàn diện về các yếu tố thiết yếu trong việc lên kế hoạch, thực thi và giám sát thành công một dự án hệ thống thông tin. Nội dung bao gồm các chủ đề về hành vi, chiến lược, kỹ thuật, vận hành, đo lường, giao tiếp và quản lý rủi ro, giúp sinh viên nắm vững các nguyên tắc và phương pháp trong lĩnh vực này."
272,"Môn Thực tập tốt nghiệp, ký hiệu là IS212, yêu cầu sinh viên thực hiện thực tập tại các doanh nghiệp và nộp báo cáo thực tập về Khoa."
273,"Môn Chuyên đề J2EE còn được biết đến với mã môn học SE325. Nội dung của môn học xoay quanh kiến thức nền tảng về các thành phần của J2EE, bao gồm lập trình web bằng servlet và JSP cũng như kiến trúc MVC thông qua Struts và Spring. Sinh viên tham gia môn học này sẽ nắm vững các kỹ năng cần thiết để phân tích và thiết kế các hệ thống J2EE toàn diện."
274,"Môn học Dịch máy có mã môn học là CS325. Tóm tắt nội dung môn học như sau: Dịch máy là một lĩnh vực trong ngôn ngữ học máy tính, nghiên cứu về phần mềm máy tính dùng để dịch văn bản hoặc tiếng nói từ một ngôn ngữ tự nhiên sang một ngôn ngữ khác. Ở mức độ căn bản, MT chỉ đơn giản là thay thế các từ trong một ngôn ngữ tự nhiên bằng các từ thuộc ngôn ngữ khác. Với kỹ thuật ngữ liệu, chúng ta có thể dịch được những văn bản phức tạp hơn, cho phép xử lý tốt hơn với các loại hình ngôn ngữ khác nhau, nhận dạng cụm từ và thành ngữ."
275,"Môn Trí tuệ nhân tạo (mã môn: CS4793) bao quát những khái niệm cốt lõi của trí tuệ nhân tạo, bao gồm giải quyết vấn đề, suy luận logic và biểu diễn kiến thức, ngôn ngữ trí tuệ nhân tạo, cũng như nguồn gốc và triết lý về trí tuệ nhân tạo."
276,"Môn Pháp luật thương mại điện tử có mã là EC229. Về nội dung, môn học sẽ cung cấp cho sinh viên kiến thức về các quy định pháp luật, chính sách liên quan đến thương mại điện tử trong và ngoài nước. Đặc biệt, môn học đề cập đến những quy định điều chỉnh riêng cho các hoạt động mua bán trên môi trường trực tuyến, các quy định về thông tin cá nhân, bản quyền,... và xử lý các vấn đề liên quan phát sinh trên Internet."
277,"Môn học Máy học có mã môn học là CS114. Tóm tắt nội dung môn học như sau: Môn học cung cấp kiến thức cơ bản về Máy học. Nội dung chính bao gồm: 
- Giới thiệu tổng quan về máy học, bao gồm khái niệm, lịch sử và ứng dụng của Máy học, cùng với các công cụ, công nghệ và thách thức hiện nay.
- Các cách sử dụng máy học để giải quyết vấn đề, bao gồm các bài toán tiêu biểu như hồi quy, phân lớp, gom cụm và các phương pháp cơ bản để giải quyết.
- Áp dụng các phương pháp và kỹ thuật máy học cơ bản để giải quyết các bài toán thực tế."
278,"Môn học có tên là CS410, chuyên về Mạng neural và thuật giải di truyền. Nội dung môn học bao gồm kiến thức cơ bản về mạng nơ-ron và thuật giải di truyền, cùng với việc giới thiệu các ứng dụng quan trọng của chúng."
279,"Môn Quản lý thông tin với mã số IE103 trình bày các kiến thức cơ bản về các lĩnh vực thu thập, tổ chức, mô hình hóa, chuyển đổi, thông báo, cũng như đảm bảo an toàn và bảo mật dữ liệu, thông tin. Những kiến thức này trang bị cho các chuyên gia CNTT kỹ năng thiết yếu để thực hiện các tác vụ quản lý, tích hợp, phát triển dữ liệu và thông tin trong bối cảnh doanh nghiệp."
280,"Môn học CE430 là môn học về Lập trình hệ thống. Nội dung môn học tóm tắt như sau: ▪ Môn học này giới thiệu các khái niệm cơ bản về ngôn ngữ Java như kiểu dữ liệu, cấu trúc lặp điều khiển, hướng đối tượng bao gồm đối tượng, thể hiện, lớp, thừa kế, giao diện, đa hình. Các khái niệm về lập trình giao diện như applet, swing GUI. Các khái niệm về lập trình hệ thống như mô hình client-server, socket, TCP, UDP.▪ Môn học cũng giúp học viên tìm hiểu và thực hành lập trình cơ bản, lập trình hướng đối tượng, lập trình giao diện, lập trình hệ thống qua các bài toán cụ thể."
281,"Môn học CE331 là môn học Kỹ thuật chế tạo vi mạch. Tóm tắt nội dung môn học như sau: Môn học này cung cấp cho sinh viên kiến thức cơ bản về lịch sử phát triển ngành công nghiệp chế tạo vi mạch. Ngoài ra, môn học cũng trang bị kiến thức về qui trình sản xuất Wafer, qui trình chế tạo công nghệ bán dẫn và các phương pháp kiểm tra và đóng gói chip."
282,Môn học Mã số SS009 mang tên Chủ nghĩa xã hội khoa học. Nội dung môn học chủ yếu cung cấp cho người học những kiến thức cơ bản xoay quanh chủ đề Chủ nghĩa xã hội khoa học.
283,"Môn Phát triển ứng dụng trên thiết bị di động (NT118) trang bị cho sinh viên kiến thức và kỹ năng chuyên sâu:

- Phát triển ứng dụng di động trên nền tảng Android của Google.
- Thiết kế giao diện hiệu quả tối ưu cho thiết bị di động.
- Triển khai ứng dụng từ mô phỏng đến thiết bị thực tế.
- Tạo lập ứng dụng bản địa (native app) bằng Java trên Android.
- Xây dựng ứng dụng đa nền tảng bằng HTML, CSS và JavaScript.
- Tích hợp dịch vụ web từ Google và Amazon vào ứng dụng.
- Thu thập dữ liệu trên máy tính cá nhân và tại hiện trường bằng các công cụ chuyên dụng."
284,"**Đoạn văn đã được diễn đạt lại:**

Môn An toàn thông tin máy tính 4243 (CS4243) là một môn học cung cấp một cái nhìn toàn diện về cốt lõi của máy tính và an ninh mạng. Nội dung môn xoay quanh việc thảo luận các quá trình bên ngoài cần thiết cho hệ thống an ninh, bao gồm bảo mật dữ liệu, sao lưu và khôi phục giao dịch. Tập trung chính của môn học là phân tích sâu về mã hóa an toàn, giao thức, băm, ủy quyền và xác thực."
285,"Môn học CS106 là một môn học về Trí tuệ nhân tạo. Nội dung chính của môn học bao gồm lịch sử và phát triển của Trí tuệ nhân tạo, các hướng nghiên cứu và ứng dụng trong đời sống, các phương pháp giải quyết vấn đề và áp dụng, đặc biệt là thuật giải heuristic và chiến lược tìm kiếm, cũng như các phương pháp biểu diễn tri thức cơ bản và kỹ thuật suy diễn tự động."
286,Cử nhân ngành Công nghệ Thông tin (Áp dụng từ Khoá 18 - 2023) cử nhân liên thông chính quy. Hình thức đào tạo: Chính quy tập trung. Số tín chỉ đào tạo: Tối thiểu 52 tín chỉ (bao gồm cả ngoại ngữ). Thời gian đào tạo: 2 năm (4 học kỳ chính).
287,"Môn học có tên là Tổ chức ngôn ngữ lập trình và mã môn học là CS3363. Tóm tắt nội dung của môn học như sau: Xây dựng ngôn ngữ lập trình, các loại thực thi chương trình. Cấu trúc định nghĩa ngôn ngữ lập trình. Các cấu trúc điều khiển và các mô hình lập trình luồng dữ liệu."
288,"Môn Tiếng Anh Cơ sở 1 (mã môn ENGL1113) giới thiệu những kiến thức và kỹ năng cơ bản về tiếng Anh, tạo nền tảng vững chắc cho sinh viên tiếp thu hiệu quả các môn học tiếng Anh nâng cao sau này."
289,"**Đoạn văn được viết lại:**

Môn Một số thuật toán thông minh có mã là SE313. Mục đích của môn học là cung cấp cho sinh viên những kiến thức nền tảng về thuật toán và giới thiệu một số thuật toán hiện đại để giải quyết các vấn đề cơ bản."
290,"Môn Phân tích thống kê mang mã môn STAT3013 cung cấp cho sinh viên kỹ thuật các kiến thức lý thuyết và thực hành về: Ma trận và hệ phương trình tuyến tính, biến đổi tuyến tính, giá trị riêng và vectơ riêng. Nội dung cụ thể bao gồm: Logic, tập hợp; Ma trận, hệ phương trình tuyến tính; Không gian vectơ, hạng, ma trận nghịch đảo; Biến đổi tuyến tính; Giá trị riêng và vectơ riêng; Không gian Euclid, trực giao."
291,"Môn Anh văn 5 có mã môn ENG05, bao gồm 3 bài học từ giáo trình Collins English for Exams: Skills for the TOEIC Test: Speaking and Writing, tương ứng với 60 tiết học lý thuyết trải dài trong 12 tuần. Môn học này trang bị cho sinh viên kiến thức chuyên sâu về kỹ năng làm bài Nói và Viết trong kỳ thi TOEIC. Nội dung gồm những hướng dẫn kỹ năng và kiến thức hỗ trợ như từ vựng, ngữ pháp, phát âm, cấu trúc câu cùng tư duy phản biện khi trả lời phần Nói và viết bài luận. Ngoài ra, môn học còn cung cấp các chiến thuật hữu ích cho bài thi TOEIC Nói và Viết."
292,"Môn học Tin-Sinh học có mã là IE401. Nội dung chủ yếu của môn học này liên quan đến việc ứng dụng các công nghệ như toán học ứng dụng, tin học, thống kê, khoa học máy tính, trí tuệ nhân tạo, hóa học và hóa sinh nhằm giải quyết các vấn đề trong lĩnh vực sinh học. Môn học bao gồm các nội dung chính sau: Sinh học phân tử; Tổng quan về một số cơ sở dữ liệu sinh học trên Internet; Thuật toán giải quyết một số bài toán căn bản trong lĩnh vực Tin-Sinh học; Kỹ thuật xây dựng phần mềm ứng dụng Tin-Sinh học."
293,"Môn Thiết bị mạng và truyền thông ĐPT, có mã môn học là NT121, bao gồm các nội dung chính:
- Cấu trúc và hướng dẫn thiết lập các thiết bị như bộ chuyển mạch, bộ định tuyến...
- Thuật toán định tuyến phổ biến: RIP, OSPF...
- Mạng cục bộ ảo (VLAN)
- Hướng dẫn cấu hình danh sách kiểm soát truy cập
- NAT, PAT
- Các phương pháp kết nối mạng WAN
- Công nghệ đa phương tiện và các chuẩn
- Ứng dụng của truyền thông đa phương tiện"
294,"Môn học Tiếng Nhật 5 được ký hiệu là JAN05, trang bị sinh viên trình độ tiếng Nhật Trung cấp 1 ( đầu N3) với các kỹ năng nghe, nói, đọc, viết tương ứng. Môn học cũng giúp nâng cao khả năng vận dụng tiếng Nhật vào giao tiếp."
295,"Môn học Mô hình hóa dữ liệu, quy trình và đối tượng có mã số IEM5723, được thiết kế để cung cấp cho sinh viên các kỹ thuật và công cụ mô hình hóa tiên tiến. Môn học này hướng dẫn sinh viên về cách nắm bắt, thể hiện và giải quyết các yêu cầu và thiết kế hệ thống phần mềm bằng cách sử dụng Ngôn ngữ Mô hình Hợp nhất (UML). Các chủ đề cốt lõi được khám phá bao gồm sơ đồ trường hợp sử dụng, sơ đồ lớp, sơ đồ trình tự, phương pháp phân tích thiết kế hướng đối tượng, kế thừa, nguyên tắc tái sử dụng và kỹ thuật phân tích nhu cầu ứng dụng."
296,"Môn CS4343, Cấu trúc dữ liệu và giải thuật, sẽ giới thiệu các khái niệm về tổ chức lưu trữ, các cấu trúc dữ liệu, thao tác với cấu trúc dữ liệu và thông tin, xử lý danh sách, cây, đồ thị, tìm kiếm và sắp xếp."
297,"Môn học Công nghệ .NET mang mã lớp SE310, bao gồm các kiến thức cốt lõi: kiến trúc, nền tảng công nghệ .Net; kỹ năng và phương pháp lập trình hướng đối tượng trong .Net; tích hợp công nghệ (C#) và hệ quản trị CSDL để xây dựng hệ thống quản lý. Ngoài ra, học phần còn cung cấp hướng tiếp cận chuyên sâu trong phát triển ứng dụng với công nghệ .Net."
298,"Môn học Mật mã học được gọi là NT219. Nội dung bài học gồm: lịch sử mã hóa, lý thuyết thông tin cơ bản, mã khóa và mã xác thực thông điệp, mã khóa công khai và chữ ký, hàm băm một chiều, định nghĩa và chứng minh các đặc tính bảo mật, hệ thống nhận dạng và giao thức kiến ​​thức không bằng không, cũng như cơ sở hạ tầng khóa công khai."
299,"Môn học Công nghệ Portal có mã học phần SE343 cung cấp một tổng quan sâu sắc về công nghệ Portal. Nội dung của môn học tập trung vào việc triển khai Hệ thống quản lý nội dung mã nguồn mở GateIn, một lựa chọn học phần cho sinh viên Khoa học máy tính trong một học kỳ. Cấu trúc của môn học bao gồm hai phần chính: Phần đầu tiên giới thiệu về các khái niệm và hệ thống Portal trên thị trường quốc tế, trong khi Phần thứ hai tập trung vào việc khám phá chi tiết GateIn và cách phát triển ứng dụng trên nền tảng này."
300,"Môn học Giới thiệu Công nghệ Thông tin, mang ký hiệu IE005, cung cấp kiến thức tổng quan về:"
301,"Môn học Toán rời rạc cho máy tính có mã môn học là CS3653. Tóm tắt nội dung môn học như sau: Môn học này giới thiệu về các thuật toán đệ quy, các phương pháp tìm kiếm và sắp xếp thông dụng, cách tổ chức chương trình, lập trình bộ nhớ động, danh sách liên kết đơn, kế thừa, đa hình, xử lý ngoại lệ, stack, queue, vectors, cây... Ngoài ra, môn học cũng phân tích toán học về độ phức tạp không gian và thời gian, tình huống xấu nhất và tình huống trung bình."
302,"Môn học CE332 là môn Thiết kế vi mạch hỗn hợp. Tóm tắt nội dung môn học như sau: Môn học này trình bày kiến thức cơ bản về thiết kế vi mạch hỗn hợp, bao gồm cấu trúc cơ bản của một hệ thống vi mạch hỗn hợp và các thành phần cơ bản của hệ thống như Opamps, D/A converters, S/H circuit, Analog Switches, Comparator, PLL, ... Ngoài ra, môn học cũng giới thiệu các phương pháp phân tích, thiết kế, mô phỏng và layout các thành phần hoặc mạch hỗn hợp ở mức CMOS. Cuối cùng, môn học cũng có các bài thực hành để giúp sinh viên hiểu rõ hơn lý thuyết và có cái nhìn thực tế về thiết kế vi mạch hỗn hợp."
303,"Mã môn học CE103 là môn học Vi xử lý-vi điều khiển. Tóm tắt nội dung môn học như sau: ▪ Môn học sẽ truyền đạt kiến thức về khái niệm, kiến trúc và nguyên lý hoạt động của một bộ vi xử lý, kiến thức về bộ vi xử lý x86 và các phương thức điều khiển dữ liệu ra vào bộ vi xử lý. Đồng thời, môn học sẽ giới thiệu về các bộ vi xử lý hiện đại.▪ Môn học cũng cung cấp kiến thức về một bộ vi điều khiển, trong đó bộ vi điều khiển X51 sẽ được nghiên cứu sâu về giao tiếp với thiết bị và lập trình."
304,"Môn học CS4153 Phát triển ứng dụng trên nền tảng di động đề cập đến các chủ đề sau: nền tảng máy tính di động phổ quát, lập trình nhạy cảm theo ngữ cảnh, hệ điều hành Android và kỹ thuật lập trình Android. Ngoài ra, môn học cũng khám phá các kỹ thuật lập trình nâng cao như đa luồng, đa nhiệm, kết nối SQLite và dịch vụ web. Cuối cùng, học phần giới thiệu khái niệm đa nền tảng (PhoneGap) để xây dựng ứng dụng tương thích với nhiều hệ điều hành di động khác nhau, chẳng hạn như iOS, Android,…"
305,"Sinh viên tốt nghiệp chương trình Cử nhân chính quy ngành Kỹ thuật phần mềm phải đáp ứng các yêu cầu: - Có kiến thức cơ bản vững vàng, trình độ chuyên môn giỏi, kỹ năng phát triển phần mềm chuyên nghiệp, có năng lực nghiên cứu và tư duy sáng tạo.- Nắm vững quy trình xây dựng phát triển phần mềm, có khả năng triển khai xây dựng các hệ thống ứng dụng tin học và phân tích, thiết kế xây dựng các phần mềm có giá trị thực tiễn cao, có tính sáng tạo. - Có trình độ tiếng Anh tốt, có thể giao tiếp, làm việc với các chuyên gia, đồng nghiệp nước ngoài. - Khóa luận tốt nghiệp có thể ươm mầm cho các phần mềm trong tương lai."
306,"Môn học có mã CS3423 là Cấu trúc tập tin. Tóm tắt nội dung môn học như sau: Trình bày các đặc điểm vật lý cơ bản của các thiết bị lưu trữ. Các phương pháp xử lý và tổ chức tập tin cho các tập tin tuần tự, trực tiếp, lập chỉ mục, cấu trúc cây, nghịch đảo. Áp dụng các khái niệm cấu trúc dữ liệu vào việc tổ chức tập tin vật lý và logic. Phân tích hiệu năng. Các thành phần của các hệ CSDL nâng cao."
307,"Môn học ACCT5123 có tên là Hoạch định nguồn lực doanh nghiệp. Nội dung môn học tóm tắt như sau: Môn học này cung cấp kiến thức về hệ thống quản lý nguồn lực ERP trong tổ chức và nhiệm vụ thách thức của quản lý HTTT (IS). Môn học này cũng giới thiệu các thành phần chính của ERP. Qua đó, sinh viên có thể nhận thấy tầm quan trọng của ERP, điều kiện triển khai về công nghệ, qui mô và phạm vi hoạt động của tổ chức/doanh nghiệp. Sinh viên sẽ được thực hành các hệ thống SAP, ECC, Odo. SAP là nhà cung cấp phần mềm hàng đầu thế giới được thiết kế để tích hợp tất cả các khía cạnh hoạt động của công ty, giúp công ty duy trì lợi thế cạnh tranh trên thị trường."
308,"Môn học có tên CS229 là môn học về Ngữ nghĩa học tính toán. Mục tiêu của môn học này là cung cấp kiến thức và kỹ năng cho sinh viên về việc sử dụng các phương pháp và kỹ thuật phân tích và tính toán ngữ nghĩa. Nội dung của môn học tập trung vào việc xử lý ngữ nghĩa của câu và văn bản. Đối với sinh viên hệ Cử nhân Tài năng, môn học này cung cấp các bài tập lý thuyết và thực hành để nâng cao phương pháp và kỹ thuật xử lý ngữ nghĩa."
309,"Môn học Lý thuyết Automat và Ứng dụng, mã môn là CS414, giới thiệu cho sinh viên các khái niệm cơ bản về lý thuyết này. Trên nền tảng đó, môn học hướng dẫn sinh viên cách ứng dụng lý thuyết vào việc phát triển ngôn ngữ lập trình và trình dịch (bao gồm bộ phận phân tích từ vựng và cú pháp trong trình biên dịch). Ngoài ra, môn học còn đề cập đến ứng dụng của lý thuyết trong thiết kế các hệ thống số, bao gồm: mạch tuần tự, mạch đếm, máy trạng thái và bộ điều khiển."
310,"Môn NT106 mang tên ""Lập trình mạng căn bản"". Môn học này được thiết kế riêng cho sinh viên Khoa Mạng máy tính và viễn thông, cung cấp các kiến thức cơ bản về:
- Thiết kế và lập trình chương trình Client Server
- Các khái niệm cơ bản về ứng dụng mạng, giao thức
- Các kỹ thuật phát triển ứng dụng độc tuyến/đa tuyến/phát sóng
- Phân tán ứng dụng bằng nhiều phương pháp khác nhau, bao gồm cả Web services, .NET remoting, RMI và CORBA"
311,"Môn học Cấu trúc rời rạc, ký hiệu mã môn là MA004, là một môn học nằm trong khối kiến thức đại cương bắt buộc đối với toàn thể sinh viên. Nội dung môn học tập trung vào các kiến thức căn bản về Toán rời rạc (bao gồm logic, phương pháp đếm, quan hệ, đại số Bool, hàm Bool) và Lý thuyết đồ thị (khái niệm cơ bản, đường đi, chu trình, cây). Môn học này cũng là một trong những môn thi đầu vào bậc sau đại học khối ngành công nghệ thông tin, giúp sinh viên trang bị kiến thức và kỹ năng giải quyết các bài toán liên quan đến lĩnh vực này."
312,"Môn học có mã CS409 là Hệ suy diễn mờ. Tóm tắt nội dung môn học như sau: Môn học bao gồm 2 phần. Phần lý thuyết trình bày về các công cụ của Lý thuyết mờ như lý thuyết tập mờ, logic mờ. Phần ứng dụng bao gồm các ứng dụng của Logic mờ trong matlab, Dư báo chuỗi thời gian, Ontology mờ, Điều khiển mờ."
313,"Môn Quản trị doanh nghiệp có mã là IE202, bao quát các nguyên tắc nền tảng của quản lý kinh doanh, bao gồm kiến thức cốt lõi về quản trị học và ứng dụng công nghệ thông tin trong quản lý doanh nghiệp."
314,"Môn học ""Lập trình game trong các thiết bị di động"" có mã là SE344, trong đó, sinh viên sẽ được trang bị kiến thức để phát triển game trên các thiết bị cầm tay phổ biến như điện thoại di động, PocketPC, v.v. Khi kết thúc môn học, sinh viên sẽ hiểu rõ đặc điểm và giới hạn của các thiết bị di động trong việc chạy các chương trình game. Ngoài ra, sinh viên còn thành thạo nguyên lý hoạt động của các bộ công cụ phát triển và phương pháp chuyển đổi một game từ máy tính sang thiết bị di động."
315,"Môn Đồ án khoa học dữ liệu và ứng dụng (mã môn DS204) giúp sinh viên nắm vững quy trình thu thập, lưu trữ và xử lý dữ liệu lớn, cũng như các kỹ thuật khai thác dữ liệu từ mạng Internet để phục vụ cho mục đích xử lý dữ liệu."
316,"Môn Hệ quản trị cơ sở dữ liệu, với mã môn IS210, giới thiệu sâu rộng về các khía cạnh cốt lõi của hệ quản trị cơ sở dữ liệu (HQTCSDL), bao gồm kiến trúc, quản lý thực thể, quản lý cấu hình, tổ chức, lưu trữ, phân quyền, giao tác. Môn học đi sâu vào các khái niệm và kỹ thuật quản lý, lập trình, cơ chế quản lý truy cập đồng thời, đảm bảo an toàn và phục hồi dữ liệu khỏi sự cố, cùng với tối ưu hóa truy vấn. Đặc biệt, các giải pháp cài đặt thực tế của HQTCSDL thương mại như MS SQL Server, DB2, Oracle, MySQL,... sẽ được trình bày chi tiết trong suốt quá trình học."
317,"Môn học Truy xuất thông tin với mã môn CS419 giới thiệu những nguyên lý cơ bản của lĩnh vực truy xuất thông tin, bao gồm: các mô hình truy xuất thông tin, các kỹ thuật lập chỉ mục, mô hình không gian véc-tơ và phương pháp đánh giá hiệu quả của các mô hình. Ngoài ra, sinh viên sẽ thực hiện một đồ án môn học để áp dụng những kiến thức đã học. Mục tiêu của môn học là cung cấp cho sinh viên kiến nền trong lĩnh vực truy xuất thông tin, giúp sinh viên có khả năng triển khai các dự án thực tế dựa trên kiến thức đã tiếp thu, dưới sự hướng dẫn của giảng viên."
318,"Môn học CE105 là môn học Xử lý tín hiệu số. Môn học này nhằm cung cấp các khái niệm và kỹ thuật xử lý tín hiệu hiện đại, từ quân sự chuyên môn hóa cao đến các ứng dụng công nghiệp điện tử tiêu dùng. Sinh viên sẽ được hướng dẫn tìm hiểu chi tiết về các khái niệm sau: tín hiệu và hệ thống rời rạc theo thời gian, biểu diễn hệ thống bằng phương trình vi phân, phân tích hệ thống sử dụng biến đổi Fourier và biến đổi Z; lý thuyết lấy mẫu tín hiệu liên tục theo thời gian, phân tích các hệ thống tuyến tính bất biến theo thời gian; biến đổi Fourier rời rạc (DFT) và thuật toán FFT để tính nhanh DFT, cùng với các phương pháp phân tích phổ tín hiệu rời rạc theo thời gian; các phương pháp chính để thiết kế các bộ lọc FIR và IIR."
319,"Môn học Các công nghệ nền tảng có mã là IE102, cung cấp kiến thức nền tảng về phần cứng, phần mềm và sự tích hợp của chúng để hình thành các yếu tố thiết yếu trong hệ thống công nghệ thông tin (CNTT). Kiến thức này trang bị cho các chuyên gia CNTT khả năng lựa chọn, triển khai, tích hợp và quản lý các công nghệ để hỗ trợ cơ sở hạ tầng CNTT."
320,"Môn học mã EC331 mang tên Quản trị chiến lược kinh doanh điện tử. Nội dung của môn học xoay quanh các khái niệm cơ bản về chiến lược và cách quản trị chúng thông qua các công cụ như thẻ điểm cân bằng và bảng đồ chiến lược. Ngoài ra, học viên sẽ được tìm hiểu về cách thức hoạch định, triển khai, tổ chức và giám sát hoạt động kinh doanh điện tử theo các chiến lược đã đề ra."
321,"Môn học CE335 là môn Thiết kế dựa trên vi xử lý. Tóm tắt nội dung môn học như sau: Môn học được chia thành 2 phần chính. Phần thứ nhất là ôn lại các thành phần cơ bản của hệ vi xử lý như vi mạch vi xử lý, vi mạch bộ nhớ, vi mạch I/O. Sau đó, mở rộng giới thiệu về nguyên lý hoạt động của mạch giao tiếp của phím và nút nhấn, các bộ cảm biến và chuyển đổi A/D D/A, các bộ điều khiển động cơ, các thiết bị thông tin liên lạc, các thiết bị hiển thị, máy in. Phần thứ hai là qui trình thiết kế và biến đổi một giải thuật vận hành, điều khiển ứng với một thiết bị cụ thể thành chương trình chạy trên các hệ vi xử lý. Ngoài ra, còn tương quan về độ phức tạp thiết kế giữa phần cứng và phần mềm."
322,"Môn Đồ án có mã học phần là IE207. Tóm tắt nội dung của môn học Đồ án bao gồm: cung cấp cho sinh viên những bước khởi đầu để thực hiện thành công luận văn tốt nghiệp (bắt buộc) hoặc dự án chuyên đề (tùy chọn) trong các học kỳ chính thức. Các kỹ năng sinh viên được trang bị thông qua môn học này là: khả năng phân tích và giải quyết vấn đề, khả năng thiết kế, khả năng hiện thực và thực hành thiết kế, khả năng đánh giá, mô phỏng và thử nghiệm kết quả, khả năng trình bày và viết báo cáo theo từng giai đoạn của dự án, kỹ năng giao tiếp và làm việc nhóm, kỹ năng thuyết trình. Môn học được tiến hành trong khoảng thời gian từ 10 đến 15 tuần của một học kỳ dưới sự hướng dẫn của giảng viên mà nhóm sinh viên đã đăng ký."
323,"Môn học được gọi là Quản trị tài chính doanh nghiệp, có mã là EC333. Nội dung môn học tập trung cung cấp những khái niệm, nguyên tắc và kỹ thuật cơ bản của lĩnh vực quản trị tài chính. Đồng thời, môn học nhấn mạnh vào ứng dụng các nguyên tắc này trong quá trình ra quyết định của giám đốc tài chính, đặc biệt là liên quan đến các quyết định về đầu tư, tài trợ và cổ tức. Sinh viên sẽ được tiếp cận với những vấn đề thiết yếu mà giám đốc tài chính thường gặp phải trong doanh nghiệp. Những chủ đề trọng tâm gồm có: bất đối xứng thông tin, ra quyết định đầu tư trong bối cảnh rủi ro, cấu trúc vốn, trả cổ tức, phân tích báo cáo tài chính, lập kế hoạch và dự báo tài chính, đánh giá dự án để đưa ra quyết định đầu tư dài hạn, cũng như lựa chọn nguồn tài trợ phù hợp để đáp ứng nhu cầu huy động vốn."
324,"Môn học CE323 là môn Kỹ thuật thiết kế mạch in. Nội dung môn học bao gồm các phương pháp thiết kế schematic, netlist, phương pháp đặt thiết bị và kết nối cho mạch điện tử đơn giản và phức tạp, một số phương pháp thiết kế mạch in trong thương mại, lập kế hoạch cho một thiết kế, và thực hành thiết kế mạch in cho mạch điện tử cụ thể."
325,"Môn học CS110 về Nhập môn công nghệ tri thức & máy học cung cấp kiến thức cơ bản về lĩnh vực này. Nội dung chính bao gồm khái niệm và quy trình của công nghệ tri thức, các ứng dụng của công nghệ tri thức, cũng như khái niệm về máy học và một số vấn đề, phương pháp và kỹ thuật cơ bản trong máy học."
326,"Môn học CE341 về Lập trình nhúng trên thiết bị di động tập trung vào việc cung cấp kiến thức về lập trình nhúng trên các thiết bị di động để giải quyết các vấn đề liên quan đến công suất tiêu thụ, tối ưu bộ nhớ xử lý, tiết kiệm bộ nhớ lưu trữ, thiết lập kết nối truyền thông và bảo mật thông tin. Môn học này giúp sinh viên phát triển kỹ năng phân tích, thiết kế và thực hiện ứng dụng trên các thiết bị di động nhỏ gọn sử dụng kỹ thuật lập trình nhúng. Nội dung môn học bao gồm: giới thiệu về tính toán di động, tính toán cảm ngữ cảnh, các phương pháp lập trình nhúng nâng cao như đa luồng, đa hành vi, kết nối cơ sở dữ liệu nhúng, phân tích và đánh giá giải thuật nhúng trên thiết bị di động liên quan đến yêu cầu thực tiễn của ứng dụng về công suất tiêu thụ, tối ưu bộ nhớ xử lý, tiết kiệm bộ nhớ lưu trữ, thiết lập kết nối truyền thông và bảo mật thông tin, và thực hành thiết kế một ứng dụng nhúng trên thiết bị di động sử dụng các lõi phần cứng như ARM, DSP, Tiny SoC."
327,"Môn học Kỹ thuật Phân tích có mã môn SE357. Đây là môn chuyên ngành thuộc khối Công nghệ Phần mềm, được thiết kế để cung cấp cho sinh viên những kiến thức nền tảng về:- Yêu cầu của phần mềm và tác động của chúng đến toàn bộ quy trình xây dựng phần mềm.- Các kỹ thuật xác định và thu thập yêu cầu phần mềm.- Quy trình phân tích và đánh giá chất lượng của các yêu cầu phần mềm.- Kỹ năng thực hành trong việc khai thác và thu thập yêu cầu cho các dự án phần mềm."
328,"Môn học CS117 là môn Tư duy tính toán. Tóm tắt nội dung môn học như sau: Môn học cung cấp kiến thức cơ bản và kỹ năng áp dụng các phương pháp tư duy, suy luận logic trong việc giải quyết các bài toán, bao gồm: tư duy thuật toán, tư duy phân rã, tư duy khái quát hóa, tư duy trừu tượng và tư duy đánh giá định lượng."
329,"Môn An toàn mạng máy tính có mã NT101, chuyên sâu vào các chủ đề sau: Những nguyên tắc cơ bản về bảo mật mạng máy tính, Thiết lập một tổ chức an toàn, quản lý quyền truy cập và kiểm soát truy cập, Các biện pháp ngăn chặn tấn công hệ thống, bảo vệ khỏi các cuộc tấn công botnet, Các vấn đề bảo mật mạng liên quan đến phần mềm độc hại, Bảo mật mạng Windows và Unix/Linux, Bảo mật mạng truyền dẫn, LAN, mạng không dây và mạng di động"
330,Môn học CE338 là môn học về Hệ thống thời gian thực. Nội dung môn học tóm tắt như sau: Cung cấp kiến thức cơ bản về hệ thống số bao gồm: - Giới thiệu về hệ thống thời gian thực - Định thời trong hệ thời gian thực - Thiết kế hệ thời gian thực.
331,"Môn Ngôn ngữ lập trình Java có mã môn học là SE330, cung cấp các kiến thức nền tảng về ngôn ngữ Java, lập trình giao diện người dùng thông qua AWT (Abstract Window Toolkit), lập trình đa luồng (Multithreading) và lập trình cơ sở dữ liệu. Môn học này cũng trang bị cho sinh viên các công cụ hữu ích trong lập trình Java."
332,"Môn **Khoa học máy tính rời rạc nâng cao** (Mã môn: CS521) cung cấp kiến thức chuyên sâu về lý thuyết đồ thị, bao gồm:
- Các tính chất của đồ thị: đồ thị Euler, đồ thị Hamilton, cây, cây đỏ đen, cây Huffman
- Ứng dụng của các tính chất này trong việc triển khai các thuật toán trên đồ thị
- Giới thiệu bài toán ghép đôi và lý thuyết mã"
333,"Môn học Nhập môn ẩn thông tin và ứng dụng được ký hiệu là IE406. Nội dung của môn học tập trung vào lĩnh vực nghiên cứu ẩn thông tin để giải quyết hiệu quả các vấn đề liên quan đến an toàn thông tin trên dữ liệu số hóa, đặc biệt là trong bối cảnh an toàn và bảo mật đang trở nên cấp thiết tại Việt Nam và thế giới. Học phần cung cấp kiến thức cơ bản về ẩn thông tin, bao gồm các phương pháp nhúng và trích xuất thông tin, kỹ thuật phân tích và phát hiện thông tin, ứng dụng thực tế của ẩn thông tin trong bảo vệ bản quyền, xác thực nội dung, dò tìm, giám sát, kiểm soát sao chép, v.v. Qua đó, môn học cũng giới thiệu định hướng nghiên cứu và ứng dụng ẩn thông tin trong tương lai."
334,Môn học CS324 về Máy học trong xử lý ngôn ngữ tự nhiên nhằm cung cấp cho sinh viên kiến thức về các phương pháp máy học thường được sử dụng trong lĩnh vực này.
335,"Môn Công nghệ Java được mã hóa thành IE303, đề cập đến những nội dung chính như sau: Được tạo lập để trang bị nền tảng kiến thức vững chắc về Công nghệ Java cho sinh viên, đồng thời cho phép họ thành thạo những công nghệ như Java SE, Servlet, JSP và Enterprise Java Beans,... nhằm hỗ trợ xây dựng những ứng dụng Enterprise một cách chuyên nghiệp."
336,"Môn học Anh văn 3 có mã số môn học là ENG03. Mô tả tóm tắt của môn học như sau: Gồm 12 bài học (Units 01 – 12), mỗi bài học đều có hướng dẫn các nội dung kiểm tra trong bài thi TOEIC như ngữ pháp, từ vựng, nghe nói và viết. Sinh viên được thực hiện bài thi thử TOEIC và hướng dẫn cách làm bài hiệu quả."
337,"Môn học Robot công nghiệp có mã môn học là CE304. Tóm tắt nội dung môn học như sau: Môn này giới thiệu cho sinh viên khái niệm về thiết kế máy Robot trong các hệ tự động hóa. Sinh viên sẽ được học về kiến thức cơ bản về robot công nghiệp, nguyên lý cấu tạo và cấu trúc cơ bản thông thường, phạm vi ứng dụng và sử dụng phổ biến trong thực tế, cũng như yêu cầu cơ bản trong thiết kế và sử dụng robot công nghiệp."
338,"Môn học CE121 là môn Lý thuyết mạch điện. Tóm tắt nội dung môn học như sau: ▪ Môn học này trình bày các khái niệm cơ bản về mạch điện; các loại mạch điện và phép biến đổi tương đương; mối tương quan giữa dòng áp trên các phần tử mạch điện;▪ Môn học cũng giới thiệu phương pháp phân tích và giải mạch ở miền tần số, miền thời gian.▪ Cụ thể sẽ gồm các nội dung sau:o Các khái niệm cơ bản về mạch điệno Phân tích mạch ở chế độ xác lập điều hòao Các phương pháp phân tích mạcho Phân tích mạch miền thời giano Phân tích mạch miền tần sốo Thực hành phân tích một số mạch điện cơ bản"
339,"Môn học CS111 về Nguyên lý và phương pháp lập trình cung cấp kiến thức cơ bản về ngôn ngữ lập trình, cách xây dựng ngôn ngữ lập trình và quan điểm của người thiết kế ngôn ngữ. Ngoài ra, môn học cũng giúp sinh viên hiểu về cơ chế hoạt động và xử lý của các thành phần trong một ngôn ngữ lập trình cụ thể, các mô thức lập trình và cách chọn mô thức lập trình phù hợp để giải quyết các bài toán trên máy tính một cách hiệu quả."
340,"Môn học Khoa học Dữ liệu với mã DS201 có trọng tâm là Học sâu. Nội dung chính của môn học này tập trung vào việc ứng dụng học sâu vào khoa học dữ liệu. Nội dung gồm các chủ đề như giới thiệu về học sâu, các cách ứng dụng học sâu trong khoa học dữ liệu, sử dụng học sâu để biểu diễn dữ liệu có cấu trúc và phi cấu trúc (như văn bản, hình ảnh, dữ liệu chuỗi thời gian). Ngoài ra, môn học còn trình bày các phương pháp học sâu có giám sát, các mạng học sâu tiêu biểu (mạng tích chập, mạng hồi quy), lý thuyết và kinh nghiệm trong việc huấn luyện các mô hình học sâu (bao gồm tối ưu hóa bằng phương pháp đạo hàm giảm dần). Cuối cùng, môn học trình bày các ví dụ ứng dụng học sâu trong khoa học dữ liệu, tập trung vào phân tích văn bản, dự báo chuỗi thời gian và xử lý hình ảnh."
341,"Môn học CE124 là môn học về thiết bị và mạch điện tử. Nội dung môn học bao gồm các khái niệm cơ bản về mạch điện tử, các loại mạch khuếch đại, mạch lọc, mạch so sánh, mạch tạo dao động và các phép biến đổi tương đương mạch. Môn học cũng giới thiệu các đặc tuyến của từng loại linh kiện và ảnh hưởng của từng phân tử trong chế độ DC, AC. Về thực hành, môn học này giới thiệu cách lắp ghép các linh kiện điện tử để tạo thành các mạch điện tử cơ bản và mạch điện tử ứng dụng. Ngoài ra, thực hành còn bao gồm thiết kế và mô phỏng mạch điện tử, thiết kế PCB và làm mạch in, cũng như tìm hiểu các công cụ hỗ trợ về điện - điện tử như VOM, DMM, Oscilloscope."
342,"Môn học CE222 là môn Thiết kế vi mạch số. Tóm tắt nội dung môn học như sau: Môn học này cung cấp kiến thức cơ bản về thiết kế vi mạch cho sinh viên. Ngoài ra, môn học cũng cung cấp kiến thức chuyên sâu về công nghệ CMOS, công nghệ chủ đạo trong thiết kế vi mạch hiện nay. Sinh viên cũng sẽ được trang bị phương pháp phân tích chức năng, định thời, mô hình hóa và tối ưu hóa thiết kế."
343,"Môn học Mô hình Đồ thị Xác suất (DS308) cung cấp kiến thức cơ bản về Mô hình Đồ thị Xác suất (PGM) và ứng dụng của chúng. Nội dung môn học tập trung vào biểu diễn, suy luận và học tập trên PGM. Thông qua các PGM, các vấn đề thực tế được biểu diễn bằng các Mạng Bayesian (đồ thị có hướng) và Mạng Markov (đồ thị vô hướng). Môn học đề cập đến phương pháp suy luận dựa trên PGM và cách học các tham số mô hình PGM từ dữ liệu huấn luyện."
